"","mouse_id","month","treatment","clade_volume","ln2volume"
"1","#022","m6","UV",8253.480906,13.01078699
"2","#006","m6","UV",8260.399164,13.01199578
"3","#003","m6","UV",8294.99045,13.0180246
"4","#006","m6","UV",8378.009537,13.03239181
"5","#022","m6","UV",8391.846051,13.0347725
"6","#022","m6","UV",8523.292939,13.0571952
"7","#006","m6","UV",8717.004142,13.08961668
"8","#970","m6","UV",8723.9224,13.09076122
"9","#970","m6","UV",8744.677172,13.09418941
"10","#022","m6","UV",8876.124059,13.11571412
"11","#003","m6","UV",8889.960574,13.11796131
"12","#003","m6","UV",8903.797088,13.120205
"13","#003","m6","UV",8952.224889,13.12803056
"14","#003","m6","UV",9166.690864,13.16218531
"15","#006","m6","UV",9166.690864,13.16218531
"16","#006","m6","UV",9180.527379,13.16436132
"17","#022","m6","UV",9187.445636,13.16544809
"18","#970","m6","UV",9249.709951,13.17519241
"19","#006","m6","UV",9291.219495,13.18165225
"20","#970","m6","UV",9291.219495,13.18165225
"21","#003","m6","UV",9339.647296,13.18915235
"22","#003","m6","UV",9360.402067,13.19235479
"23","#003","m6","UV",9388.075096,13.19661367
"24","#022","m6","UV",9401.911611,13.1987384
"25","#970","m6","UV",9408.829868,13.1997996
"26","#970","m6","UV",9505.68547,13.21457495
"27","#003","m6","UV",9512.603727,13.21562456
"28","#006","m6","UV",9519.521984,13.21667342
"29","#003","m6","UV",9526.440241,13.21772151
"30","#970","m6","UV",9567.949785,13.2239941
"31","#006","m6","UV",9650.968872,13.23645807
"32","#003","m6","UV",9761.660988,13.25291093
"33","#003","m6","UV",9768.579245,13.25393303
"34","#006","m6","UV",9775.497503,13.25495441
"35","#022","m6","UV",9775.497503,13.25495441
"36","#970","m6","UV",9803.170532,13.2590327
"37","#970","m6","UV",9844.680075,13.26512861
"38","#970","m6","UV",9844.680075,13.26512861
"39","#006","m6","UV",9900.026133,13.27321662
"40","#022","m6","UV",9934.61742,13.2782487
"41","#022","m6","UV",10010.71825,13.28925787
"42","#003","m6","UV",10059.14605,13.29622022
"43","#003","m6","UV",10162.91991,13.31102734
"44","#003","m6","UV",10218.26597,13.31886277
"45","#003","m6","UV",10266.69377,13.32568404
"46","#006","m6","UV",10273.61203,13.32665588
"47","#006","m6","UV",10294.3668,13.32956747
"48","#022","m6","UV",10377.38588,13.34115545
"49","#003","m6","UV",10384.30414,13.34211692
"50","#970","m6","UV",10391.2224,13.34307776
"51","#003","m6","UV",10425.81369,13.34787236
"52","#022","m6","UV",10425.81369,13.34787236
"53","#003","m6","UV",10453.48671,13.35169661
"54","#003","m6","UV",10501.91452,13.35836474
"55","#022","m6","UV",10508.83277,13.35931482
"56","#003","m6","UV",10515.75103,13.36026427
"57","#022","m6","UV",10536.5058,13.36310889
"58","#970","m6","UV",10543.42406,13.36405585
"59","#003","m6","UV",10578.01534,13.36878135
"60","#970","m6","UV",10612.60663,13.37349143
"61","#006","m6","UV",10709.46223,13.38659842
"62","#003","m6","UV",10757.89003,13.39310753
"63","#006","m6","UV",10757.89003,13.39310753
"64","#006","m6","UV",10813.23609,13.40051072
"65","#022","m6","UV",10833.99086,13.40327716
"66","#022","m6","UV",10889.33692,13.41062849
"67","#022","m6","UV",10896.25518,13.41154477
"68","#003","m6","UV",10910.09169,13.41337561
"69","#022","m6","UV",10937.76472,13.41703031
"70","#003","m6","UV",10951.60124,13.4188542
"71","#003","m6","UV",11027.70207,13.42884458
"72","#003","m6","UV",11034.62032,13.42974937
"73","#006","m6","UV",11041.53858,13.4306536
"74","#970","m6","UV",11186.82198,13.44951262
"75","#022","m6","UV",11269.84107,13.46017955
"76","#970","m6","UV",11359.77841,13.47164707
"77","#003","m6","UV",11422.04273,13.47953307
"78","#022","m6","UV",11442.7975,13.48215218
"79","#022","m6","UV",11463.55227,13.48476655
"80","#006","m6","UV",11567.32613,13.49776779
"81","#003","m6","UV",11581.16265,13.49949247
"82","#022","m6","UV",11588.0809,13.50035404
"83","#006","m6","UV",11594.99916,13.5012151
"84","#003","m6","UV",11684.93651,13.51236227
"85","#970","m6","UV",11698.77302,13.51406961
"86","#970","m6","UV",11747.20082,13.52002941
"87","#970","m6","UV",11761.03734,13.52172769
"88","#003","m6","UV",11802.54688,13.52681059
"89","#006","m6","UV",11802.54688,13.52681059
"90","#970","m6","UV",11892.48422,13.53776249
"91","#970","m6","UV",11927.07551,13.54195272
"92","#022","m6","UV",11933.99377,13.54278931
"93","#022","m6","UV",11954.74854,13.54529616
"94","#970","m6","UV",12086.19543,13.56107255
"95","#006","m6","UV",12100.03194,13.56272324
"96","#006","m6","UV",12141.54148,13.56766398
"97","#970","m6","UV",12169.21451,13.57094843
"98","#022","m6","UV",12224.56057,13.57749499
"99","#003","m6","UV",12231.47883,13.57831122
"100","#970","m6","UV",12252.2336,13.58075716
"101","#022","m6","UV",12259.15186,13.58157155
"102","#006","m6","UV",12314.49792,13.58807019
"103","#003","m6","UV",12418.27177,13.60017679
"104","#003","m6","UV",12418.27177,13.60017679
"105","#022","m6","UV",12459.78132,13.60499113
"106","#022","m6","UV",12542.80041,13.61457187
"107","#006","m6","UV",12632.73775,13.62487971
"108","#003","m6","UV",12639.65601,13.62566958
"109","#003","m6","UV",12681.16555,13.63039973
"110","#022","m6","UV",12695.00207,13.63197301
"111","#003","m6","UV",12812.61244,13.64527704
"112","#022","m6","UV",12819.5307,13.64605583
"113","#006","m6","UV",12867.9585,13.65149557
"114","#970","m6","UV",12985.56887,13.6646216
"115","#022","m6","UV",12992.48713,13.66539001
"116","#970","m6","UV",13013.2419,13.66769279
"117","#006","m6","UV",13193.11659,13.68749779
"118","#970","m6","UV",13206.9531,13.68901005
"119","#006","m6","UV",13269.21742,13.69579567
"120","#003","m6","UV",13359.15476,13.70554111
"121","#003","m6","UV",13483.68339,13.71892704
"122","#003","m6","UV",13539.02945,13.7248367
"123","#003","m6","UV",13566.70248,13.72778248
"124","#006","m6","UV",13684.31285,13.74023537
"125","#022","m6","UV",13829.59626,13.75547142
"126","#003","m6","UV",13961.04314,13.76911912
"127","#006","m6","UV",13981.79791,13.77126227
"128","#970","m6","UV",13981.79791,13.77126227
"129","#970","m6","UV",14009.47094,13.77411485
"130","#970","m6","UV",14154.75435,13.78899909
"131","#006","m6","UV",14196.26389,13.79322368
"132","#006","m6","UV",14244.69169,13.79813678
"133","#970","m6","UV",14258.5282,13.79953745
"134","#003","m6","UV",14472.99418,13.8210758
"135","#970","m6","UV",14528.34024,13.82658227
"136","#970","m6","UV",14722.05144,13.8456911
"137","#003","m6","UV",14756.64273,13.84907691
"138","#006","m6","UV",14805.07053,13.85380374
"139","#003","m6","UV",14957.27219,13.86855947
"140","#970","m6","UV",15047.20953,13.87720835
"141","#003","m6","UV",15074.88256,13.87985914
"142","#006","m6","UV",15123.31036,13.88448635
"143","#022","m6","UV",15123.31036,13.88448635
"144","#003","m6","UV",15178.65642,13.88975647
"145","#022","m6","UV",15220.16596,13.89369647
"146","#022","m6","UV",15240.92074,13.89566244
"147","#970","m6","UV",15254.75725,13.8969716
"148","#022","m6","UV",15337.77634,13.90480172
"149","#022","m6","UV",15427.71368,13.91323666
"150","#003","m6","UV",15552.24231,13.92483498
"151","#006","m6","UV",15600.67011,13.92932038
"152","#022","m6","UV",15752.87177,13.94332724
"153","#022","m6","UV",15967.33775,13.96283617
"154","#970","m6","UV",16022.68381,13.9678282
"155","#022","m6","UV",16140.29418,13.97837925
"156","#970","m6","UV",16161.04895,13.98023322
"157","#970","m6","UV",16161.04895,13.98023322
"158","#022","m6","UV",16216.39501,13.98516552
"159","#006","m6","UV",16223.31327,13.98578087
"160","#006","m6","UV",16340.92364,13.99620191
"161","#003","m6","UV",16368.59667,13.99864302
"162","#006","m6","UV",16569.22613,14.0162186
"163","#006","m6","UV",16693.75476,14.02702086
"164","#006","m6","UV",16756.01907,14.03239181
"165","#022","m6","UV",16866.71119,14.04189107
"166","#006","m6","UV",16984.32156,14.05191597
"167","#006","m6","UV",17101.93194,14.06187169
"168","#006","m6","UV",17108.85019,14.06245519
"169","#003","m6","UV",17171.11451,14.06769606
"170","#970","m6","UV",17226.46057,14.07233869
"171","#003","m6","UV",17247.21534,14.07407583
"172","#006","m6","UV",17267.97011,14.07581088
"173","#003","m6","UV",17295.64314,14.07812104
"174","#003","m6","UV",17413.25351,14.08789816
"175","#022","m6","UV",17620.80123,14.10499191
"176","#006","m6","UV",17634.63775,14.10612432
"177","#006","m6","UV",17710.73858,14.11233676
"178","#022","m6","UV",17731.49335,14.11402642
"179","#022","m6","UV",17897.53152,14.127473
"180","#006","m6","UV",17904.44978,14.12803056
"181","#022","m6","UV",17904.44978,14.12803056
"182","#003","m6","UV",17939.04107,14.13081515
"183","#022","m6","UV",17973.63235,14.13359438
"184","#970","m6","UV",17994.38712,14.13525935
"185","#003","m6","UV",18070.48795,14.14134784
"186","#003","m6","UV",18160.4253,14.14851037
"187","#003","m6","UV",18575.52073,14.18111503
"188","#006","m6","UV",18713.88588,14.19182154
"189","#022","m6","UV",18762.31368,14.19555012
"190","#006","m6","UV",18866.08754,14.20350765
"191","#006","m6","UV",18969.8614,14.21142152
"192","#970","m6","UV",18969.8614,14.21142152
"193","#006","m6","UV",19039.04397,14.21667342
"194","#006","m6","UV",19045.96223,14.21719756
"195","#003","m6","UV",19135.89957,14.2239941
"196","#003","m6","UV",19205.08214,14.22920051
"197","#970","m6","UV",19246.59169,14.23231537
"198","#006","m6","UV",19378.03857,14.24213493
"199","#006","m6","UV",19654.76886,14.26259178
"200","#006","m6","UV",19806.97052,14.27372062
"201","#006","m6","UV",19806.97052,14.27372062
"202","#003","m6","UV",19931.49915,14.28276261
"203","#003","m6","UV",19945.33567,14.28376378
"204","#006","m6","UV",20062.94604,14.29224585
"205","#022","m6","UV",20125.21036,14.29671624
"206","#006","m6","UV",20139.04687,14.29770779
"207","#022","m6","UV",20346.59459,14.31249973
"208","#006","m6","UV",20381.18588,14.31495038
"209","#006","m6","UV",20478.04148,14.32179012
"210","#003","m6","UV",20796.28131,14.34403796
"211","#970","m6","UV",20955.40123,14.35503452
"212","#003","m6","UV",21073.0116,14.36310889
"213","#006","m6","UV",21142.19417,14.36783749
"214","#006","m6","UV",21294.39583,14.37818618
"215","#022","m6","UV",21301.31409,14.37865481
"216","#022","m6","UV",21342.82364,14.38146344
"217","#006","m6","UV",21363.57841,14.3828657
"218","#022","m6","UV",21377.41492,14.38379978
"219","#970","m6","UV",21501.94355,14.39217945
"220","#003","m6","UV",21702.57301,14.40557848
"221","#003","m6","UV",21951.63027,14.42204047
"222","#003","m6","UV",21979.3033,14.42385804
"223","#970","m6","UV",22110.75019,14.43246035
"224","#006","m6","UV",22262.95185,14.44235727
"225","#003","m6","UV",22318.29791,14.44593938
"226","#022","m6","UV",22463.58131,14.45530033
"227","#003","m6","UV",22491.25434,14.4570765
"228","#006","m6","UV",22574.27343,14.46239193
"229","#022","m6","UV",22684.96554,14.46944885
"230","#006","m6","UV",22726.47509,14.47208632
"231","#006","m6","UV",22809.49417,14.47734683
"232","#003","m6","UV",22899.43152,14.48302416
"233","#006","m6","UV",23023.96015,14.49084838
"234","#022","m6","UV",23079.30621,14.49431223
"235","#970","m6","UV",23093.14272,14.4951769
"236","#003","m6","UV",23113.89749,14.49647293
"237","#970","m6","UV",23155.40704,14.4990615
"238","#006","m6","UV",23252.26264,14.50508349
"239","#003","m6","UV",23300.69044,14.50808508
"240","#006","m6","UV",23335.28172,14.51022526
"241","#003","m6","UV",23563.58421,14.52427138
"242","#006","m6","UV",23660.43982,14.53018927
"243","#006","m6","UV",23757.29542,14.53608299
"244","#003","m6","UV",23854.15102,14.54195272
"245","#006","m6","UV",23937.17011,14.54696498
"246","#006","m6","UV",24151.63608,14.5598333
"247","#022","m6","UV",24469.87591,14.57871917
"248","#006","m6","UV",24580.56803,14.58523063
"249","#003","m6","UV",24622.07757,14.58766488
"250","#022","m6","UV",24919.56264,14.60499113
"251","#022","m6","UV",24961.07218,14.60739228
"252","#006","m6","UV",25023.3365,14.61098654
"253","#003","m6","UV",25051.00952,14.61258112
"254","#006","m6","UV",25106.35558,14.615765
"255","#006","m6","UV",25134.02861,14.61735431
"256","#003","m6","UV",25217.0477,14.62211176
"257","#022","m6","UV",25217.0477,14.62211176
"258","#006","m6","UV",25341.57633,14.62921865
"259","#022","m6","UV",25542.20579,14.6405955
"260","#022","m6","UV",25701.32571,14.64955516
"261","#003","m6","UV",25964.21948,14.66423724
"262","#006","m6","UV",26047.23857,14.66884281
"263","#022","m6","UV",26358.56015,14.68598394
"264","#022","m6","UV",26365.4784,14.68636255
"265","#006","m6","UV",26476.17052,14.69240685
"266","#003","m6","UV",26496.92529,14.69353734
"267","#022","m6","UV",26545.35309,14.69617171
"268","#003","m6","UV",26635.29044,14.70105139
"269","#022","m6","UV",26635.29044,14.70105139
"270","#970","m6","UV",26635.29044,14.70105139
"271","#022","m6","UV",26822.08338,14.71113368
"272","#022","m6","UV",26918.93898,14.71633393
"273","#006","m6","UV",26932.7755,14.71707529
"274","#006","m6","UV",26974.28504,14.7192971
"275","#006","m6","UV",27029.6311,14.7222542
"276","#006","m6","UV",27126.4867,14.72741459
"277","#022","m6","UV",27154.15973,14.7288856
"278","#003","m6","UV",27361.70745,14.73987064
"279","#006","m6","UV",27527.74562,14.74859885
"280","#003","m6","UV",27596.92819,14.75222007
"281","#970","m6","UV",27790.6394,14.76231141
"282","#003","m6","UV",27922.08629,14.76911912
"283","#006","m6","UV",27977.43234,14.77197594
"284","#006","m6","UV",28067.36969,14.77660625
"285","#006","m6","UV",28095.04272,14.77802797
"286","#022","m6","UV",28184.98006,14.78263893
"287","#006","m6","UV",28212.65309,14.78405472
"288","#006","m6","UV",28281.83566,14.78758814
"289","#022","m6","UV",28413.28255,14.79427789
"290","#006","m6","UV",28980.57965,14.82279883
"291","#970","m6","UV",29029.00745,14.82520762
"292","#003","m6","UV",29084.3535,14.82795562
"293","#022","m6","UV",29181.20911,14.83275204
"294","#970","m6","UV",29188.12736,14.83309403
"295","#970","m6","UV",29208.88214,14.83411952
"296","#970","m6","UV",29374.92031,14.84229732
"297","#006","m6","UV",29430.26637,14.84501298
"298","#006","m6","UV",29492.53068,14.848062
"299","#970","m6","UV",29949.13566,14.87022675
"300","#006","m6","UV",29990.6452,14.87222494
"301","#006","m6","UV",30011.39998,14.873223
"302","#022","m6","UV",30288.13027,14.8864649
"303","#022","m6","UV",30468.00496,14.89500741
"304","#970","m6","UV",30509.5145,14.8969716
"305","#003","m6","UV",30620.20662,14.9021964
"306","#003","m6","UV",30689.38919,14.90545231
"307","#970","m6","UV",31484.98877,14.94237653
"308","#022","m6","UV",31588.76263,14.94712381
"309","#022","m6","UV",31754.80081,14.9546871
"310","#003","m6","UV",32010.77632,14.96627004
"311","#022","m6","UV",32225.2423,14.97590359
"312","#006","m6","UV",32522.72736,14.98916063
"313","#006","m6","UV",32612.6647,14.9931447
"314","#022","m6","UV",33069.26968,15.01320356
"315","#006","m6","UV",33096.94271,15.01441034
"316","#022","m6","UV",33207.63483,15.01922735
"317","#006","m6","UV",33615.81201,15.03685238
"318","#003","m6","UV",33927.13358,15.05015193
"319","#022","m6","UV",34023.98919,15.05426468
"320","#006","m6","UV",34093.17176,15.0571952
"321","#970","m6","UV",34210.78213,15.06216347
"322","#006","m6","UV",34231.5369,15.06303845
"323","#003","m6","UV",34266.12819,15.06449557
"324","#970","m6","UV",34439.08462,15.07175918
"325","#003","m6","UV",34535.94022,15.07581088
"326","#970","m6","UV",34591.28628,15.07812104
"327","#003","m6","UV",34715.81491,15.08330542
"328","#022","m6","UV",34729.65143,15.08388031
"329","#022","m6","UV",34805.75226,15.08703814
"330","#022","m6","UV",34895.6896,15.09076122
"331","#022","m6","UV",34951.03566,15.09304759
"332","#006","m6","UV",35034.05474,15.09647035
"333","#006","m6","UV",35123.99209,15.10016921
"334","#006","m6","UV",35324.62155,15.10838648
"335","#006","m6","UV",35815.81781,15.12830926
"336","#006","m6","UV",35968.01947,15.1344271
"337","#006","m6","UV",36307.01408,15.14796067
"338","#006","m6","UV",36348.52362,15.14960915
"339","#006","m6","UV",36666.76346,15.16218531
"340","#006","m6","UV",36936.57549,15.1727625
"341","#006","m6","UV",37068.02238,15.17788753
"342","#006","m6","UV",37247.89707,15.18487136
"343","#006","m6","UV",37365.50744,15.18941949
"344","#022","m6","UV",37448.52653,15.19262133
"345","#022","m6","UV",37503.87258,15.19475195
"346","#006","m6","UV",37510.79084,15.19501806
"347","#003","m6","UV",37586.89167,15.19794199
"348","#022","m6","UV",37669.91076,15.201125
"349","#970","m6","UV",37780.60288,15.2053581
"350","#022","m6","UV",38237.20785,15.22268956
"351","#022","m6","UV",38396.32777,15.22868072
"352","#003","m6","UV",38458.59209,15.23101833
"353","#022","m6","UV",38811.42321,15.24419372
"354","#022","m6","UV",38832.17798,15.24496501
"355","#003","m6","UV",38956.70661,15.2495841
"356","#006","m6","UV",39240.35516,15.26005048
"357","#003","m6","UV",39330.2925,15.2633533
"358","#022","m6","UV",39399.47507,15.26588879
"359","#006","m6","UV",39648.53233,15.27497984
"360","#022","m6","UV",39690.04188,15.27648946
"361","#003","m6","UV",39710.79665,15.27724368
"362","#003","m6","UV",40319.60329,15.29919382
"363","#022","m6","UV",40340.35806,15.29993627
"364","#022","m6","UV",40513.31449,15.3061085
"365","#970","m6","UV",40921.49167,15.32057111
"366","#003","m6","UV",40935.32818,15.32105884
"367","#970","m6","UV",41004.51076,15.323495
"368","#970","m6","UV",41405.76968,15.33754419
"369","#006","m6","UV",42187.53275,15.3645291
"370","#003","m6","UV",42284.38835,15.36783749
"371","#970","m6","UV",42339.73441,15.3697246
"372","#006","m6","UV",42747.91158,15.38356632
"373","#006","m6","UV",42782.50287,15.38473327
"374","#022","m6","UV",42803.25764,15.38543298
"375","#006","m6","UV",43232.18959,15.39981829
"376","#006","m6","UV",43273.69914,15.40120283
"377","#003","m6","UV",43446.65557,15.40695751
"378","#970","m6","UV",43460.49208,15.40741689
"379","#022","m6","UV",43619.612,15.41268932
"380","#022","m6","UV",44463.63938,15.44033842
"381","#022","m6","UV",44602.00453,15.44482093
"382","#970","m6","UV",44705.77839,15.4481737
"383","#022","m6","UV",44913.32611,15.45485595
"384","#022","m6","UV",44934.08088,15.45552247
"385","#022","m6","UV",44940.99914,15.45574458
"386","#022","m6","UV",45487.54146,15.47318384
"387","#006","m6","UV",45529.051,15.47449977
"388","#022","m6","UV",45577.4788,15.4760335
"389","#003","m6","UV",46068.67507,15.49149849
"390","#022","m6","UV",46151.69415,15.49409599
"391","#022","m6","UV",46158.61241,15.49431223
"392","#022","m6","UV",46525.28005,15.50572721
"393","#022","m6","UV",46885.02942,15.51683972
"394","#003","m6","UV",47120.25017,15.52405958
"395","#022","m6","UV",47161.75971,15.52532993
"396","#970","m6","UV",47569.93689,15.53776249
"397","#006","m6","UV",47604.52818,15.53881119
"398","#022","m6","UV",48102.6427,15.55382854
"399","#022","m6","UV",48469.31034,15.56478393
"400","#022","m6","UV",48538.49291,15.56684169
"401","#970","m6","UV",48649.18502,15.57012802
"402","#006","m6","UV",49015.85266,15.5809608
"403","#003","m6","UV",49091.95349,15.58319896
"404","#003","m6","UV",50115.85556,15.61297949
"405","#970","m6","UV",50544.78751,15.6252747
"406","#022","m6","UV",51084.41158,15.6405955
"407","#022","m6","UV",51866.17465,15.66250635
"408","#970","m6","UV",52267.43357,15.6736247
"409","#006","m6","UV",52336.61614,15.67553303
"410","#003","m6","UV",52537.2456,15.68105295
"411","#022","m6","UV",52675.61075,15.68484752
"412","#022","m6","UV",52744.79332,15.68674107
"413","#006","m6","UV",52820.89415,15.6888211
"414","#022","m6","UV",52869.32195,15.6901432
"415","#003","m6","UV",52876.24021,15.69033198
"416","#006","m6","UV",53568.06593,15.70908559
"417","#006","m6","UV",53865.551,15.71707529
"418","#003","m6","UV",54502.03066,15.73402236
"419","#006","m6","UV",54522.78543,15.73457165
"420","#970","m6","UV",54578.13149,15.73603538
"421","#006","m6","UV",54591.96801,15.73640109
"422","#970","m6","UV",54591.96801,15.73640109
"423","#006","m6","UV",55090.08253,15.749505
"424","#970","m6","UV",55117.75556,15.75022952
"425","#022","m6","UV",55269.95722,15.75420788
"426","#006","m6","UV",56093.22983,15.77553903
"427","#006","m6","UV",56120.90286,15.7762506
"428","#022","m6","UV",56452.97921,15.7847621
"429","#970","m6","UV",56688.19996,15.79076084
"430","#970","m6","UV",56874.9929,15.79550684
"431","#006","m6","UV",56999.52153,15.79866219
"432","#003","m6","UV",57047.94933,15.79988741
"433","#970","m6","UV",58147.95224,15.82744077
"434","#970","m6","UV",58397.0095,15.83360687
"435","#006","m6","UV",58576.88419,15.83804384
"436","#022","m6","UV",58666.82153,15.84025721
"437","#022","m6","UV",58680.65805,15.84059743
"438","#970","m6","UV",58742.92236,15.84212742
"439","#003","m6","UV",58832.8597,15.84433454
"440","#022","m6","UV",59068.08045,15.85009111
"441","#006","m6","UV",59932.86261,15.87105966
"442","#006","m6","UV",61385.69663,15.90561491
"443","#006","m6","UV",61565.57132,15.90983617
"444","#022","m6","UV",61939.15721,15.91856413
"445","#006","m6","UV",62803.93937,15.93856743
"446","#003","m6","UV",63219.03481,15.94807139
"447","#022","m6","UV",63288.21738,15.94964931
"448","#022","m6","UV",63322.80866,15.95043763
"449","#022","m6","UV",63357.39995,15.95122551
"450","#006","m6","UV",63876.26924,15.96299243
"451","#003","m6","UV",63883.1875,15.96314868
"452","#006","m6","UV",64104.57173,15.96813963
"453","#006","m6","UV",64540.42194,15.97791539
"454","#006","m6","UV",64554.25846,15.97822465
"455","#006","m6","UV",64941.68086,15.98685711
"456","#970","m6","UV",65294.51198,15.99467412
"457","#006","m6","UV",65529.73273,15.99986203
"458","#022","m6","UV",65958.66468,16.00927457
"459","#003","m6","UV",66477.53397,16.02057924
"460","#970","m6","UV",66505.207,16.02117968
"461","#022","m6","UV",66567.47132,16.02252975
"462","#003","m6","UV",66864.95638,16.02896268
"463","#006","m6","UV",66892.62941,16.02955964
"464","#022","m6","UV",66947.97547,16.03075281
"465","#006","m6","UV",67155.52318,16.03521844
"466","#006","m6","UV",67356.15264,16.03952211
"467","#003","m6","UV",67383.82567,16.04011472
"468","#022","m6","UV",68283.19912,16.05924303
"469","#003","m6","UV",68483.82858,16.06347574
"470","#006","m6","UV",68912.76053,16.07248353
"471","#022","m6","UV",68926.59704,16.07277317
"472","#003","m6","UV",69251.75513,16.07956302
"473","#003","m6","UV",69500.81239,16.08474222
"474","#022","m6","UV",69729.11488,16.08947355
"475","#003","m6","UV",69825.97048,16.0914761
"476","#970","m6","UV",69985.0904,16.09475998
"477","#006","m6","UV",70199.55638,16.09917429
"478","#022","m6","UV",70649.2431,16.10838648
"479","#970","m6","UV",71112.76633,16.11782096
"480","#003","m6","UV",72703.9655,16.14974643
"481","#970","m6","UV",73112.14268,16.15782341
"482","#970","m6","UV",73665.60326,16.16870352
"483","#022","m6","UV",74011.51612,16.17546215
"484","#003","m6","UV",74122.20824,16.17761824
"485","#006","m6","UV",74350.51073,16.18205503
"486","#003","m6","UV",74793.27919,16.19062102
"487","#003","m6","UV",74903.97131,16.19275459
"488","#003","m6","UV",75381.33106,16.20191965
"489","#006","m6","UV",76273.78625,16.2188997
"490","#006","m6","UV",76391.39662,16.22112255
"491","#006","m6","UV",76467.49745,16.22255904
"492","#003","m6","UV",76495.17048,16.22308105
"493","#006","m6","UV",76557.43479,16.22425487
"494","#970","m6","UV",76557.43479,16.22425487
"495","#003","m6","UV",76861.83811,16.22997986
"496","#022","m6","UV",77048.63106,16.2334817
"497","#022","m6","UV",77124.73189,16.23490595
"498","#022","m6","UV",77166.24143,16.23568222
"499","#003","m6","UV",77270.01529,16.23762106
"500","#003","m6","UV",77519.07255,16.24226369
"501","#003","m6","UV",78148.63396,16.25393303
"502","#006","m6","UV",78453.03728,16.25954168
"503","#006","m6","UV",79580.71322,16.28013121
"504","#003","m6","UV",79753.66965,16.28326328
"505","#022","m6","UV",80722.22566,16.30067833
"506","#006","m6","UV",81178.83064,16.30881594
"507","#022","m6","UV",81261.84973,16.31029058
"508","#022","m6","UV",81331.0323,16.31151831
"509","#022","m6","UV",81842.98334,16.32057111
"510","#022","m6","UV",82527.89081,16.33259415
"511","#022","m6","UV",82984.49579,16.3405542
"512","#003","m6","UV",83330.40865,16.34655543
"513","#006","m6","UV",83371.91819,16.34727391
"514","#022","m6","UV",85122.23728,16.37724845
"515","#022","m6","UV",85495.82317,16.38356632
"516","#003","m6","UV",85516.57794,16.3839165
"517","#970","m6","UV",86201.48541,16.39542511
"518","#022","m6","UV",89183.25429,16.44448522
"519","#003","m6","UV",90034.19993,16.4581855
"520","#003","m6","UV",90483.88665,16.46537328
"521","#003","m6","UV",90905.90034,16.47208632
"522","#003","m6","UV",91058.102,16.47449977
"523","#003","m6","UV",91397.09661,16.47986072
"524","#003","m6","UV",91556.21653,16.48237023
"525","#022","m6","UV",91576.9713,16.48269723
"526","#022","m6","UV",91653.07213,16.48389562
"527","#022","m6","UV",91964.3937,16.48878777
"528","#970","m6","UV",92483.263,16.49690468
"529","#006","m6","UV",92912.19495,16.50358035
"530","#003","m6","UV",92946.78623,16.50411736
"531","#006","m6","UV",93811.56839,16.51747822
"532","#006","m6","UV",94392.702,16.5263877
"533","#022","m6","UV",95907.80034,16.54936054
"534","#022","m6","UV",96032.32897,16.55123255
"535","#006","m6","UV",96412.83312,16.55693757
"536","#006","m6","UV",97028.55802,16.56612181
"537","#006","m6","UV",97056.23104,16.56653322
"538","#022","m6","UV",97332.96133,16.57064083
"539","#006","m6","UV",97879.50366,16.57871917
"540","#006","m6","UV",98114.7244,16.58218204
"541","#006","m6","UV",98253.08955,16.58421515
"542","#006","m6","UV",98605.92067,16.58938665
"543","#003","m6","UV",98688.93976,16.59060079
"544","#022","m6","UV",98751.20407,16.59151072
"545","#006","m6","UV",99187.05428,16.59786421
"546","#022","m6","UV",99263.15511,16.59897069
"547","#006","m6","UV",100072.5912,16.61068736
"548","#022","m6","UV",100536.1144,16.61735431
"549","#006","m6","UV",100639.8883,16.6188427
"550","#022","m6","UV",100792.09,16.6210229
"551","#022","m6","UV",101041.1472,16.6245834
"552","#003","m6","UV",101456.2427,16.63049811
"553","#022","m6","UV",101663.7904,16.6334464
"554","#970","m6","UV",101677.6269,16.63364274
"555","#006","m6","UV",102023.5398,16.63854254
"556","#003","m6","UV",103303.4173,16.65652845
"557","#003","m6","UV",103635.4937,16.66115866
"558","#003","m6","UV",103725.431,16.66241013
"559","#003","m6","UV",103912.224,16.66500585
"560","#006","m6","UV",104258.1368,16.66980046
"561","#006","m6","UV",104514.1124,16.67333823
"562","#970","m6","UV",104714.7418,16.67610503
"563","#003","m6","UV",104860.0252,16.67810527
"564","#006","m6","UV",105199.0198,16.68276174
"565","#022","m6","UV",107136.1319,16.70908559
"566","#022","m6","UV",107170.7232,16.70955132
"567","#970","m6","UV",108457.519,16.72677055
"568","#006","m6","UV",108671.985,16.72962054
"569","#022","m6","UV",109384.5655,16.73904966
"570","#003","m6","UV",109612.868,16.74205765
"571","#003","m6","UV",109889.5983,16.74569531
"572","#003","m6","UV",110277.0207,16.75077267
"573","#003","m6","UV",110318.5302,16.75131562
"574","#003","m6","UV",110539.9144,16.75420788
"575","#022","m6","UV",111259.4132,16.76356788
"576","#022","m6","UV",111709.0999,16.76938719
"577","#006","m6","UV",111778.2825,16.77028039
"578","#022","m6","UV",113473.2555,16.79199278
"579","#022","m6","UV",113618.5389,16.79383873
"580","#022","m6","UV",114019.7978,16.79892482
"581","#006","m6","UV",114351.8742,16.80312049
"582","#006","m6","UV",114725.4601,16.80782607
"583","#022","m6","UV",115548.7327,16.81814191
"584","#970","m6","UV",117305.97,16.83991691
"585","#006","m6","UV",117741.8202,16.84526731
"586","#970","m6","UV",118350.6269,16.85270782
"587","#022","m6","UV",118440.5642,16.85380374
"588","#022","m6","UV",119464.4663,16.86622204
"589","#003","m6","UV",119512.8941,16.86680675
"590","#022","m6","UV",120087.1094,16.87372177
"591","#022","m6","UV",121636.7991,16.89222023
"592","#003","m6","UV",121789.0007,16.89402432
"593","#006","m6","UV",121844.3468,16.89467979
"594","#003","m6","UV",122259.4422,16.89958636
"595","#022","m6","UV",123103.4696,16.9095119
"596","#022","m6","UV",123968.2518,16.91961117
"597","#006","m6","UV",124182.7177,16.92210489
"598","#006","m6","UV",124231.1455,16.92266739
"599","#003","m6","UV",124341.8377,16.92395228
"600","#022","m6","UV",124604.7314,16.92699933
"601","#022","m6","UV",125372.658,16.93586323
"602","#006","m6","UV",125421.0858,16.93642039
"603","#003","m6","UV",125628.6335,16.9388058
"604","#006","m6","UV",126175.1758,16.94506857
"605","#022","m6","UV",126175.1758,16.94506857
"606","#022","m6","UV",126195.9306,16.94530586
"607","#006","m6","UV",126922.3476,16.95358659
"608","#006","m6","UV",127205.9962,16.95680715
"609","#003","m6","UV",127282.097,16.95766998
"610","#006","m6","UV",127890.9036,16.96455413
"611","#003","m6","UV",129239.9638,16.97969273
"612","#003","m6","UV",129392.1655,16.98139074
"613","#022","m6","UV",129613.5497,16.98385702
"614","#006","m6","UV",131765.1277,17.00760908
"615","#006","m6","UV",132180.2231,17.01214681
"616","#006","m6","UV",132311.67,17.01358079
"617","#006","m6","UV",134138.0899,17.03335944
"618","#006","m6","UV",136033.6924,17.05360449
"619","#003","m6","UV",136407.2783,17.0575611
"620","#006","m6","UV",137265.1422,17.06660578
"621","#003","m6","UV",137617.9733,17.07030938
"622","#003","m6","UV",137638.7281,17.07052694
"623","#022","m6","UV",137894.7036,17.07320752
"624","#006","m6","UV",138102.2513,17.07537731
"625","#003","m6","UV",138607.2841,17.08064355
"626","#003","m6","UV",138773.3223,17.08237073
"627","#022","m6","UV",140053.1999,17.09561542
"628","#003","m6","UV",140233.0746,17.09746713
"629","#003","m6","UV",140606.6605,17.10130541
"630","#022","m6","UV",140682.7613,17.10208603
"631","#022","m6","UV",140807.2899,17.1033625
"632","#022","m6","UV",141180.8758,17.10718515
"633","#003","m6","UV",141575.2165,17.11120921
"634","#003","m6","UV",143263.2713,17.12830926
"635","#006","m6","UV",144231.8273,17.13803003
"636","#970","m6","UV",144287.1733,17.13858353
"637","#022","m6","UV",144764.5331,17.14334866
"638","#022","m6","UV",145151.9555,17.14720448
"639","#006","m6","UV",145283.4024,17.14851037
"640","#003","m6","UV",145456.3588,17.15022684
"641","#970","m6","UV",145712.3343,17.15276348
"642","#022","m6","UV",147102.904,17.1664662
"643","#022","m6","UV",148313.5991,17.17829136
"644","#970","m6","UV",148479.6372,17.17990557
"645","#022","m6","UV",148687.1849,17.18192078
"646","#003","m6","UV",150160.7737,17.19614846
"647","#022","m6","UV",150354.4849,17.19800838
"648","#022","m6","UV",151163.921,17.20575432
"649","#003","m6","UV",151392.2235,17.20793158
"650","#022","m6","UV",151918.0111,17.2129334
"651","#970","m6","UV",155729.9708,17.2486871
"652","#022","m6","UV",157196.6414,17.26221087
"653","#022","m6","UV",157826.2028,17.26797722
"654","#022","m6","UV",158455.7642,17.27372062
"655","#003","m6","UV",158497.2737,17.2740985
"656","#022","m6","UV",159431.2385,17.28257481
"657","#006","m6","UV",160005.4538,17.28776155
"658","#970","m6","UV",160123.0642,17.2888216
"659","#022","m6","UV",160455.1405,17.29181048
"660","#006","m6","UV",161520.5522,17.30135822
"661","#970","m6","UV",161555.1434,17.30166716
"662","#003","m6","UV",161651.999,17.30253182
"663","#003","m6","UV",162060.1762,17.30617009
"664","#022","m6","UV",162350.743,17.30875446
"665","#022","m6","UV",163727.4762,17.32093693
"666","#006","m6","UV",165346.3484,17.33513166
"667","#022","m6","UV",166003.5829,17.34085485
"668","#003","m6","UV",166259.5584,17.34307776
"669","#006","m6","UV",166480.9426,17.34499751
"670","#006","m6","UV",166653.899,17.34649555
"671","#003","m6","UV",167255.7874,17.35169661
"672","#022","m6","UV",168079.06,17.35878047
"673","#022","m6","UV",168245.0982,17.36020495
"674","#006","m6","UV",168895.4144,17.36577063
"675","#022","m6","UV",169158.3082,17.36801451
"676","#022","m6","UV",169767.1148,17.3731975
"677","#006","m6","UV",169926.2347,17.37454908
"678","#022","m6","UV",171420.5783,17.38718078
"679","#970","m6","UV",171801.0824,17.3903796
"680","#006","m6","UV",172333.7882,17.39484606
"681","#006","m6","UV",172617.4368,17.39721868
"682","#003","m6","UV",173316.1808,17.40304683
"683","#970","m6","UV",173489.1372,17.40448581
"684","#006","m6","UV",173890.3961,17.40781873
"685","#006","m6","UV",174187.8812,17.41028473
"686","#970","m6","UV",175509.2683,17.42118769
"687","#003","m6","UV",176429.3965,17.42873144
"688","#022","m6","UV",177079.7127,17.43403941
"689","#006","m6","UV",177584.7455,17.43814813
"690","#022","m6","UV",181119.975,17.46658614
"691","#006","m6","UV",183216.2069,17.4831876
"692","#970","m6","UV",184516.8393,17.49339296
"693","#006","m6","UV",185077.2181,17.49776779
"694","#022","m6","UV",186239.4853,17.50679945
"695","#022","m6","UV",186322.5044,17.50744241
"696","#006","m6","UV",186723.7633,17.51054602
"697","#022","m6","UV",186827.5372,17.51134759
"698","#003","m6","UV",187055.8397,17.51310948
"699","#022","m6","UV",187457.0986,17.51620093
"700","#003","m6","UV",188308.0442,17.52273511
"701","#003","m6","UV",189041.3795,17.52834254
"702","#006","m6","UV",189214.336,17.52966187
"703","#022","m6","UV",189242.009,17.52987286
"704","#970","m6","UV",189497.9845,17.53182298
"705","#022","m6","UV",189574.0853,17.53240224
"706","#006","m6","UV",190155.2189,17.53681801
"707","#970","m6","UV",190383.5214,17.53854909
"708","#022","m6","UV",190584.1509,17.54006862
"709","#006","m6","UV",190805.5351,17.5417435
"710","#003","m6","UV",191877.865,17.54982877
"711","#006","m6","UV",193891.0779,17.56488689
"712","#003","m6","UV",197820.648,17.59383349
"713","#003","m6","UV",200069.0816,17.61013871
"714","#003","m6","UV",200920.0272,17.61626185
"715","#003","m6","UV",203631.9841,17.63560465
"716","#022","m6","UV",206267.8401,17.65415938
"717","#022","m6","UV",208066.587,17.66668578
"718","#006","m6","UV",210764.7073,17.68527378
"719","#006","m6","UV",211415.0235,17.68971837
"720","#006","m6","UV",211636.4077,17.69122831
"721","#003","m6","UV",214832.6426,17.71285369
"722","#003","m6","UV",215517.55,17.71744583
"723","#022","m6","UV",216555.2886,17.72437588
"724","#006","m6","UV",217634.5368,17.73154799
"725","#006","m6","UV",219371.0193,17.74301342
"726","#003","m6","UV",219710.0139,17.7452411
"727","#003","m6","UV",219972.9077,17.74696632
"728","#022","m6","UV",221467.2513,17.75673386
"729","#003","m6","UV",222518.8264,17.76356788
"730","#006","m6","UV",224379.8376,17.77558352
"731","#022","m6","UV",225230.7832,17.78104449
"732","#022","m6","UV",225576.6961,17.78325851
"733","#003","m6","UV",228807.5222,17.80377496
"734","#003","m6","UV",229181.1081,17.8061286
"735","#022","m6","UV",230288.0293,17.81307989
"736","#006","m6","UV",230910.6724,17.81697533
"737","#003","m6","UV",231415.7052,17.82012725
"738","#022","m6","UV",236092.4471,17.84899236
"739","#022","m6","UV",240305.6658,17.87451114
"740","#022","m6","UV",240471.704,17.87550762
"741","#970","m6","UV",241772.3363,17.88328965
"742","#970","m6","UV",242443.4073,17.8872885
"743","#003","m6","UV",243211.3338,17.89185094
"744","#006","m6","UV",244996.2442,17.90240011
"745","#022","m6","UV",251208.8392,17.9385277
"746","#003","m6","UV",252218.9048,17.94431689
"747","#006","m6","UV",253222.0521,17.95004352
"748","#003","m6","UV",254834.006,17.95919828
"749","#003","m6","UV",257428.3525,17.97381143
"750","#006","m6","UV",258037.1591,17.97721931
"751","#970","m6","UV",258320.8077,17.97880433
"752","#970","m6","UV",258632.1293,17.98054198
"753","#022","m6","UV",259593.767,17.98589622
"754","#003","m6","UV",265121.4546,18.0162939
"755","#003","m6","UV",265840.9533,18.02020385
"756","#970","m6","UV",268795.0492,18.03614704
"757","#003","m6","UV",270434.6761,18.04492063
"758","#003","m6","UV",271513.9243,18.05066666
"759","#006","m6","UV",271569.2703,18.05096071
"760","#003","m6","UV",271970.5292,18.0530908
"761","#006","m6","UV",272157.3222,18.05408133
"762","#022","m6","UV",272413.2977,18.0554376
"763","#022","m6","UV",275713.3064,18.07280937
"764","#006","m6","UV",276045.3828,18.07454594
"765","#022","m6","UV",276737.2085,18.07815711
"766","#006","m6","UV",278681.2388,18.08825636
"767","#022","m6","UV",285516.477,18.12321448
"768","#006","m6","UV",288200.7608,18.13671462
"769","#006","m6","UV",288864.9135,18.14003545
"770","#022","m6","UV",289819.633,18.1447958
"771","#003","m6","UV",293728.4483,18.16412348
"772","#006","m6","UV",293942.9143,18.16517648
"773","#022","m6","UV",295395.7483,18.17228954
"774","#022","m6","UV",295568.7047,18.173134
"775","#970","m6","UV",296260.5305,18.17650691
"776","#006","m6","UV",299761.1686,18.19345398
"777","#970","m6","UV",300037.8989,18.19478522
"778","#022","m6","UV",304008.9786,18.21375441
"779","#022","m6","UV",306478.7964,18.22542774
"780","#006","m6","UV",307302.0691,18.22929796
"781","#006","m6","UV",307710.2462,18.23121296
"782","#003","m6","UV",308658.0475,18.23564988
"783","#022","m6","UV",313224.0973,18.25683568
"784","#006","m6","UV",313251.7703,18.25696314
"785","#022","m6","UV",313493.9093,18.25807789
"786","#022","m6","UV",313950.5143,18.26017765
"787","#022","m6","UV",314483.2201,18.26262352
"788","#003","m6","UV",314898.3155,18.26452651
"789","#003","m6","UV",315901.4628,18.26911509
"790","#970","m6","UV",316918.4466,18.27375211
"791","#970","m6","UV",321332.2948,18.29370646
"792","#006","m6","UV",322722.8645,18.29993627
"793","#006","m6","UV",323317.8346,18.30259356
"794","#022","m6","UV",324154.9437,18.30632405
"795","#003","m6","UV",324666.8948,18.30860076
"796","#006","m6","UV",330948.6724,18.33624796
"797","#022","m6","UV",334359.3732,18.35104004
"798","#022","m6","UV",335632.3325,18.35652218
"799","#003","m6","UV",336358.7495,18.35964126
"800","#022","m6","UV",339935.4885,18.37490146
"801","#003","m6","UV",348396.5172,18.41037068
"802","#006","m6","UV",353107.8503,18.42974937
"803","#022","m6","UV",357833.02,18.448927
"804","#022","m6","UV",360669.5055,18.46031792
"805","#006","m6","UV",363339.9528,18.47096049
"806","#003","m6","UV",364785.8686,18.47669032
"807","#022","m6","UV",367546.2532,18.48756629
"808","#022","m6","UV",368113.5503,18.48979133
"809","#006","m6","UV",372838.72,18.50819217
"810","#003","m6","UV",374907.279,18.51617431
"811","#003","m6","UV",377169.5491,18.52485368
"812","#022","m6","UV",378850.6856,18.53126983
"813","#003","m6","UV",378871.4404,18.53134887
"814","#006","m6","UV",379750.059,18.53469066
"815","#022","m6","UV",380746.2881,18.53847045
"816","#022","m6","UV",389532.4748,18.57138408
"817","#006","m6","UV",390016.7528,18.57317657
"818","#022","m6","UV",390999.1453,18.57680593
"819","#006","m6","UV",393842.5491,18.58725946
"820","#970","m6","UV",396436.8955,18.59673171
"821","#022","m6","UV",402289.7412,18.61787542
"822","#970","m6","UV",405914.908,18.6308178
"823","#003","m6","UV",407644.4723,18.63695193
"824","#022","m6","UV",407755.1644,18.63734362
"825","#003","m6","UV",409111.1428,18.64213331
"826","#022","m6","UV",409982.8432,18.64520401
"827","#022","m6","UV",418125.632,18.67357696
"828","#006","m6","UV",418554.564,18.67505618
"829","#003","m6","UV",419398.5914,18.67796249
"830","#022","m6","UV",420194.191,18.68069669
"831","#022","m6","UV",420595.4499,18.68207372
"832","#022","m6","UV",426116.2192,18.70088744
"833","#003","m6","UV",430848.3071,18.71682049
"834","#003","m6","UV",432439.5063,18.7221388
"835","#022","m6","UV",432640.1358,18.72280798
"836","#022","m6","UV",445494.2577,18.76504731
"837","#003","m6","UV",446511.2416,18.76833697
"838","#022","m6","UV",447085.4569,18.77019109
"839","#003","m6","UV",448517.5362,18.77480487
"840","#022","m6","UV",450039.5528,18.77969228
"841","#006","m6","UV",451437.0407,18.78416527
"842","#022","m6","UV",452087.3569,18.78624205
"843","#022","m6","UV",452557.7984,18.78774253
"844","#022","m6","UV",453311.8884,18.79014447
"845","#006","m6","UV",454204.3436,18.79298198
"846","#006","m6","UV",457227.622,18.80255304
"847","#970","m6","UV",460797.4428,18.81377318
"848","#022","m6","UV",471174.8287,18.84590294
"849","#006","m6","UV",473056.5946,18.85165327
"850","#022","m6","UV",479179.2523,18.87020592
"851","#006","m6","UV",480770.4515,18.8749887
"852","#970","m6","UV",482617.6262,18.88052108
"853","#022","m6","UV",483766.0569,18.88395002
"854","#022","m6","UV",486007.5722,18.89061927
"855","#003","m6","UV",490172.3631,18.90292962
"856","#003","m6","UV",495900.6801,18.91969168
"857","#970","m6","UV",498156.032,18.92623817
"858","#006","m6","UV",509612.666,18.95904161
"859","#003","m6","UV",509695.6851,18.95927661
"860","#003","m6","UV",512712.0452,18.96778927
"861","#022","m6","UV",514538.4652,18.97291941
"862","#022","m6","UV",517305.7681,18.98065775
"863","#006","m6","UV",518730.9291,18.98462687
"864","#006","m6","UV",522024.0195,18.99375666
"865","#022","m6","UV",522861.1286,18.99606829
"866","#022","m6","UV",523573.7091,18.99803313
"867","#003","m6","UV",525815.2245,19.00419639
"868","#022","m6","UV",527053.5925,19.00759014
"869","#006","m6","UV",527856.1104,19.00978519
"870","#003","m6","UV",529198.2523,19.01344877
"871","#022","m6","UV",539444.1913,19.04111419
"872","#003","m6","UV",539478.7826,19.04120669
"873","#022","m6","UV",541886.3361,19.04763074
"874","#022","m6","UV",544273.1348,19.0539713
"875","#022","m6","UV",549959.9423,19.06896701
"876","#022","m6","UV",555632.9133,19.08377254
"877","#022","m6","UV",557251.7855,19.08796981
"878","#022","m6","UV",559970.6606,19.09499171
"879","#022","m6","UV",561838.59,19.09979619
"880","#003","m6","UV",569497.1008,19.11932897
"881","#022","m6","UV",573343.6518,19.1290406
"882","#003","m6","UV",574616.6112,19.13224017
"883","#022","m6","UV",577944.2929,19.14057091
"884","#006","m6","UV",579251.8435,19.14383121
"885","#003","m6","UV",590542.4394,19.17168122
"886","#022","m6","UV",599300.9531,19.19292114
"887","#003","m6","UV",599778.3128,19.19406983
"888","#022","m6","UV",606239.9651,19.20952944
"889","#006","m6","UV",609858.2136,19.21811434
"890","#022","m6","UV",617385.2775,19.23581155
"891","#022","m6","UV",627665.8078,19.25963709
"892","#003","m6","UV",630301.6638,19.26568295
"893","#022","m6","UV",640097.9161,19.28793309
"894","#006","m6","UV",640748.2323,19.28939807
"895","#022","m6","UV",645099.8161,19.29916288
"896","#006","m6","UV",649783.4762,19.30959953
"897","#003","m6","UV",653886.0028,19.31867962
"898","#006","m6","UV",660243.8812,19.3326395
"899","#006","m6","UV",668172.204,19.34986044
"900","#003","m6","UV",673817.502,19.36199838
"901","#022","m6","UV",677996.1293,19.37091751
"902","#022","m6","UV",683260.9231,19.38207709
"903","#003","m6","UV",695513.1567,19.40771828
"904","#022","m6","UV",702050.9098,19.42121613
"905","#006","m6","UV",709225.1426,19.43588416
"906","#022","m6","UV",719913.8501,19.45746475
"907","#022","m6","UV",725137.1343,19.46789433
"908","#003","m6","UV",733494.389,19.4844264
"909","#970","m6","UV",740253.5264,19.49765993
"910","#970","m6","UV",747842.8546,19.51237562
"911","#022","m6","UV",752007.6455,19.5203878
"912","#003","m6","UV",764585.0372,19.54431744
"913","#022","m6","UV",766307.6832,19.54756425
"914","#022","m6","UV",769213.3513,19.55302428
"915","#003","m6","UV",779051.1131,19.57135846
"916","#022","m6","UV",785319.0542,19.58291938
"917","#003","m6","UV",788992.6488,19.58965233
"918","#006","m6","UV",799992.6778,19.60962727
"919","#006","m6","UV",805008.4143,19.61864434
"920","#022","m6","UV",835165.0977,19.6717019
"921","#006","m6","UV",835898.4329,19.67296813
"922","#022","m6","UV",836576.4222,19.67413781
"923","#003","m6","UV",837980.8284,19.67655771
"924","#006","m6","UV",843169.5213,19.68546319
"925","#003","m6","UV",853187.1578,19.70250272
"926","#022","m6","UV",870953.2425,19.73223574
"927","#022","m6","UV",881095.4076,19.74893872
"928","#003","m6","UV",907211.8287,19.79107993
"929","#003","m6","UV",916662.1682,19.80603061
"930","#022","m6","UV",937707.5067,19.83877846
"931","#003","m6","UV",960081.1507,19.87279683
"932","#003","m6","UV",977715.7884,19.89905562
"933","#003","m6","UV",980358.5627,19.90294998
"934","#003","m6","UV",993613.9436,19.92232589
"935","#003","m6","UV",995855.459,19.92557684
"936","#003","m6","UV",996332.8187,19.92626822
"937","#022","m6","UV",1000566.792,19.93238605
"938","#006","m6","UV",1009864.93,19.94573091
"939","#003","m6","UV",1024033.521,19.96583151
"940","#970","m6","UV",1048648.68,20.00009999
"941","#003","m6","UV",1057158.137,20.01175977
"942","#022","m6","UV",1074896.548,20.03576639
"943","#003","m6","UV",1098148.811,20.06664214
"944","#006","m6","UV",1104631.218,20.07513337
"945","#003","m6","UV",1111929.979,20.08463451
"946","#022","m6","UV",1152865.307,20.13679254
"947","#970","m6","UV",1163166.592,20.14962631
"948","#006","m6","UV",1168016.291,20.15562897
"949","#003","m6","UV",1197100.644,20.19111302
"950","#006","m6","UV",1208709.48,20.2050361
"951","#003","m6","UV",1234694.454,20.23572264
"952","#970","m6","UV",1268351.776,20.2745235
"953","#022","m6","UV",1280963.759,20.28879823
"954","#003","m6","UV",1312365.728,20.32373839
"955","#003","m6","UV",1314960.075,20.32658757
"956","#003","m6","UV",1328485.268,20.3413508
"957","#003","m6","UV",1338150.073,20.35180849
"958","#022","m6","UV",1367684.113,20.38330363
"959","#022","m6","UV",1409138.311,20.42638179
"960","#022","m6","UV",1473471.185,20.49078742
"961","#022","m6","UV",1488006.444,20.50494934
"962","#022","m6","UV",1489881.291,20.50676596
"963","#022","m6","UV",1499006.473,20.51557518
"964","#003","m6","UV",1504845.482,20.52118393
"965","#970","m6","UV",1550665.1,20.56445571
"966","#003","m6","UV",1563000.352,20.57588667
"967","#022","m6","UV",1578220.518,20.58986737
"968","#006","m6","UV",1698653.541,20.6959602
"969","#003","m6","UV",1700735.936,20.69772773
"970","#022","m6","UV",1754961.236,20.74300773
"971","#022","m6","UV",1874840.798,20.83833666
"972","#022","m6","UV",1945240.984,20.89151746
"973","#003","m6","UV",2003762.522,20.93428011
"974","#003","m6","UV",2032860.712,20.95507994
"975","#003","m6","UV",2052176.486,20.96872338
"976","#022","m6","UV",2053995.988,20.97000193
"977","#022","m6","UV",2063397.9,20.97659062
"978","#022","m6","UV",2134545.257,21.02549732
"979","#022","m6","UV",2144085.534,21.03193103
"980","#006","m6","UV",2145441.512,21.03284314
"981","#970","m6","UV",2172837.811,21.05114906
"982","#006","m6","UV",2244386.428,21.09788966
"983","#003","m6","UV",2244780.768,21.09814312
"984","#022","m6","UV",2399722.058,21.19443589
"985","#003","m6","UV",2428799.493,21.21181196
"986","#022","m6","UV",2495975.771,21.2511725
"987","#003","m6","UV",2551349.502,21.28282911
"988","#003","m6","UV",2557084.737,21.28606854
"989","#003","m6","UV",2734157.532,21.38266494
"990","#006","m6","UV",2809967.795,21.42212217
"991","#022","m6","UV",2995923.632,21.51456942
"992","#003","m6","UV",3066794.259,21.54829995
"993","#022","m6","UV",3107051.598,21.56711477
"994","#003","m6","UV",3320645.872,21.66303245
"995","#006","m6","UV",3362397.555,21.68105888
"996","#003","m6","UV",3372781.859,21.68550758
"997","#003","m6","UV",3485196.621,21.73280862
"998","#006","m6","UV",3490779.655,21.73511786
"999","#022","m6","UV",3595778.045,21.77787254
"1000","#003","m6","UV",3681315.378,21.81178992
"1001","#022","m6","UV",3768817.496,21.8456805
"1002","#970","m6","UV",3814983.026,21.86324521
"1003","#970","m6","UV",3995784.762,21.93004744
"1004","#022","m6","UV",4023658.42,21.94007641
"1005","#022","m6","UV",4326145.382,22.04465072
"1006","#022","m6","UV",4675918.632,22.15681839
"1007","#022","m6","UV",5630347.567,22.42479255
"1008","#003","m6","UV",5830852.499,22.4752754
"1009","#022","m6","UV",5842378.315,22.47812435
"1010","#970","m6","UV",7004687.044,22.73988916
"1011","#970","m6","UV",8793381.703,23.06798666
"1012","#970","m6","UV",8873183.8,23.08102042
"1013","#006","m6","UV",10333710.93,23.3008551
"1014","#970","m6","UV",10642327.46,23.34331037
"1015","#022","m6","UV",10973656.64,23.387541
"1016","#022","m6","UV",11285531.68,23.42797105
"1017","#970","m6","UV",12262777.02,23.54778239
"1018","#006","m6","UV",14898010.4,23.82861634
"1019","#022","m6","UV",15316890.12,23.86862007
"1020","#006","m6","UV",15838194.64,23.91690456
"1021","#022","m6","UV",16163159.02,23.94620586
"1022","#006","m6","UV",16450003.8,23.97158458
"1023","#970","m6","UV",16768956.21,23.99928956
"1024","#970","m6","UV",19158383.91,24.19147253
"1025","#022","m6","UV",19676291.56,24.229955
"1026","#970","m6","UV",22913641.62,24.44970343
"1027","#022","m6","UV",23668658.7,24.49647462
"1028","#970","m6","UV",37994162.56,25.17927444
"1029","#970","m6","UV",41839655.1,25.31836762
"1030","#022","m6","No UV",8218.88962,13.00472778
"1031","#006","m6","No UV",8246.562649,13.00957718
"1032","#006","m6","No UV",8260.399164,13.01199578
"1033","#970","m6","No UV",8260.399164,13.01199578
"1034","#022","m6","No UV",8274.235678,13.01441034
"1035","#022","m6","No UV",8308.826964,13.0204291
"1036","#970","m6","No UV",8322.663479,13.02282959
"1037","#022","m6","No UV",8364.173022,13.03000719
"1038","#970","m6","No UV",8426.437338,13.04070708
"1039","#003","m6","No UV",8454.110367,13.04543723
"1040","#022","m6","No UV",8467.946881,13.0477965
"1041","#022","m6","No UV",8523.292939,13.0571952
"1042","#003","m6","No UV",8550.965968,13.06187169
"1043","#006","m6","No UV",8578.638997,13.06653307
"1044","#022","m6","No UV",8592.475512,13.06885812
"1045","#022","m6","No UV",8606.312026,13.07117943
"1046","#006","m6","No UV",8661.658084,13.08042751
"1047","#006","m6","No UV",8723.9224,13.09076122
"1048","#003","m6","No UV",8786.186715,13.10102144
"1049","#022","m6","No UV",8786.186715,13.10102144
"1050","#003","m6","No UV",8806.941487,13.10442537
"1051","#970","m6","No UV",8855.369288,13.11233676
"1052","#006","m6","No UV",8862.287545,13.11346342
"1053","#003","m6","No UV",8883.042317,13.11683815
"1054","#022","m6","No UV",8917.633603,13.12244521
"1055","#003","m6","No UV",9125.181321,13.15563751
"1056","#022","m6","No UV",9139.017835,13.15782341
"1057","#022","m6","No UV",9139.017835,13.15782341
"1058","#022","m6","No UV",9152.85435,13.16000601
"1059","#006","m6","No UV",9166.690864,13.16218531
"1060","#006","m6","No UV",9249.709951,13.17519241
"1061","#022","m6","No UV",9298.137752,13.18272608
"1062","#006","m6","No UV",9318.892524,13.1859428
"1063","#006","m6","No UV",9353.48381,13.1912881
"1064","#003","m6","No UV",9360.402067,13.19235479
"1065","#006","m6","No UV",9457.257669,13.20720619
"1066","#970","m6","No UV",9512.603727,13.21562456
"1067","#006","m6","No UV",9526.440241,13.21772151
"1068","#006","m6","No UV",9554.11327,13.22190627
"1069","#970","m6","No UV",9554.11327,13.22190627
"1070","#022","m6","No UV",9567.949785,13.2239941
"1071","#022","m6","No UV",9630.2141,13.23335216
"1072","#022","m6","No UV",9637.132358,13.2343882
"1073","#006","m6","No UV",9692.478416,13.2426499
"1074","#006","m6","No UV",9796.252274,13.25801421
"1075","#006","m6","No UV",9837.761818,13.26411441
"1076","#970","m6","No UV",9886.189619,13.27119886
"1077","#970","m6","No UV",9941.535677,13.27925301
"1078","#003","m6","No UV",9948.453934,13.28025662
"1079","#003","m6","No UV",10017.63651,13.29025455
"1080","#006","m6","No UV",10086.81908,13.30018367
"1081","#970","m6","No UV",10107.57385,13.30314912
"1082","#006","m6","No UV",10190.59294,13.31495038
"1083","#022","m6","No UV",10190.59294,13.31495038
"1084","#022","m6","No UV",10225.18422,13.31983922
"1085","#970","m6","No UV",10287.44854,13.32859759
"1086","#003","m6","No UV",10315.12157,13.3324732
"1087","#006","m6","No UV",10411.97717,13.34595643
"1088","#970","m6","No UV",10439.6502,13.34978575
"1089","#970","m6","No UV",10605.68837,13.37255064
"1090","#003","m6","No UV",10654.11617,13.3791233
"1091","#970","m6","No UV",10688.70746,13.38379978
"1092","#003","m6","No UV",10716.38049,13.38753009
"1093","#022","m6","No UV",10757.89003,13.39310753
"1094","#003","m6","No UV",10854.74564,13.4060383
"1095","#022","m6","No UV",10854.74564,13.4060383
"1096","#006","m6","No UV",10868.58215,13.40787613
"1097","#006","m6","No UV",10875.50041,13.40879416
"1098","#022","m6","No UV",10910.09169,13.41337561
"1099","#022","m6","No UV",10979.27427,13.42249507
"1100","#003","m6","No UV",11027.70207,13.42884458
"1101","#970","m6","No UV",11048.45684,13.43155726
"1102","#970","m6","No UV",11089.96638,13.43696737
"1103","#003","m6","No UV",11096.88464,13.43786709
"1104","#006","m6","No UV",11110.72115,13.43966484
"1105","#970","m6","No UV",11152.2307,13.44504469
"1106","#006","m6","No UV",11159.14895,13.44593938
"1107","#006","m6","No UV",11249.0863,13.4575202
"1108","#970","m6","No UV",11262.92281,13.45929365
"1109","#022","m6","No UV",11297.5141,13.46371774
"1110","#022","m6","No UV",11345.9419,13.46988876
"1111","#006","m6","No UV",11359.77841,13.47164707
"1112","#970","m6","No UV",11359.77841,13.47164707
"1113","#003","m6","No UV",11456.63402,13.48389562
"1114","#022","m6","No UV",11491.2253,13.48824502
"1115","#022","m6","No UV",11532.73485,13.49344705
"1116","#022","m6","No UV",11546.57136,13.4951769
"1117","#003","m6","No UV",11560.40788,13.49690468
"1118","#003","m6","No UV",11601.91742,13.50207563
"1119","#006","m6","No UV",11629.59045,13.50551267
"1120","#022","m6","No UV",11671.09999,13.51065292
"1121","#003","m6","No UV",11754.11908,13.5208788
"1122","#003","m6","No UV",11761.03734,13.52172769
"1123","#022","m6","No UV",11802.54688,13.52681059
"1124","#970","m6","No UV",11837.13817,13.53103271
"1125","#006","m6","No UV",11844.05642,13.53187565
"1126","#006","m6","No UV",11864.81119,13.53440152
"1127","#022","m6","No UV",11989.33983,13.5494646
"1128","#970","m6","No UV",11989.33983,13.5494646
"1129","#970","m6","No UV",12003.17634,13.55112861
"1130","#022","m6","No UV",12106.9502,13.56354787
"1131","#970","m6","No UV",12134.62323,13.56684169
"1132","#022","m6","No UV",12238.39709,13.57912699
"1133","#003","m6","No UV",12272.98837,13.58319896
"1134","#970","m6","No UV",12307.57966,13.58725946
"1135","#022","m6","No UV",12321.41617,13.58888046
"1136","#970","m6","No UV",12335.25269,13.59049965
"1137","#003","m6","No UV",12342.17095,13.59130856
"1138","#006","m6","No UV",12404.43526,13.59856843
"1139","#022","m6","No UV",12439.02655,13.60258597
"1140","#970","m6","No UV",12487.45435,13.60819178
"1141","#022","m6","No UV",12528.96389,13.61297949
"1142","#022","m6","No UV",12584.30995,13.61933849
"1143","#003","m6","No UV",12667.32904,13.62882474
"1144","#003","m6","No UV",12736.51161,13.63668257
"1145","#003","m6","No UV",12764.18464,13.63981376
"1146","#006","m6","No UV",12826.44895,13.64683419
"1147","#003","m6","No UV",12923.30455,13.6576874
"1148","#022","m6","No UV",12971.73236,13.66308354
"1149","#970","m6","No UV",13006.32364,13.66692561
"1150","#003","m6","No UV",13234.62613,13.69202982
"1151","#022","m6","No UV",13421.41908,13.7122496
"1152","#022","m6","No UV",13552.86596,13.72631034
"1153","#022","m6","No UV",13573.62074,13.72851799
"1154","#006","m6","No UV",13594.37551,13.73072226
"1155","#970","m6","No UV",13691.23111,13.74096456
"1156","#003","m6","No UV",13711.98588,13.74314991
"1157","#022","m6","No UV",13753.49543,13.7475107
"1158","#022","m6","No UV",13781.16845,13.75041059
"1159","#006","m6","No UV",13815.75974,13.75402728
"1160","#003","m6","No UV",13822.678,13.75474953
"1161","#022","m6","No UV",13843.43277,13.75691411
"1162","#006","m6","No UV",13919.5336,13.76482325
"1163","#006","m6","No UV",13926.45186,13.76554012
"1164","#006","m6","No UV",13933.37011,13.76625663
"1165","#003","m6","No UV",14002.55269,13.77340224
"1166","#003","m6","No UV",14009.47094,13.77411485
"1167","#970","m6","No UV",14050.98049,13.77838319
"1168","#970","m6","No UV",14113.2448,13.7847621
"1169","#022","m6","No UV",14223.93692,13.79603321
"1170","#970","m6","No UV",14230.85518,13.79673474
"1171","#970","m6","No UV",14348.46555,13.80860884
"1172","#022","m6","No UV",14396.89335,13.81346991
"1173","#022","m6","No UV",14445.32115,13.81831466
"1174","#970","m6","No UV",14542.17675,13.82795562
"1175","#022","m6","No UV",14818.90704,13.85515143
"1176","#006","m6","No UV",14853.49833,13.85851514
"1177","#022","m6","No UV",14950.35393,13.86789202
"1178","#003","m6","No UV",14971.1087,13.86989345
"1179","#022","m6","No UV",15047.20953,13.87720835
"1180","#970","m6","No UV",15061.04605,13.87853435
"1181","#003","m6","No UV",15095.63733,13.88184405
"1182","#003","m6","No UV",15227.08422,13.89435209
"1183","#022","m6","No UV",15261.67551,13.89762574
"1184","#970","m6","No UV",15337.77634,13.90480172
"1185","#006","m6","No UV",15524.56928,13.92226562
"1186","#003","m6","No UV",15538.4058,13.92355087
"1187","#006","m6","No UV",15545.32405,13.92419307
"1188","#022","m6","No UV",15586.8336,13.92804026
"1189","#003","m6","No UV",15870.48215,13.95405834
"1190","#970","m6","No UV",15960.41949,13.96221095
"1191","#022","m6","No UV",16154.13069,13.9796155
"1192","#022","m6","No UV",16306.33235,13.9931447
"1193","#006","m6","No UV",16603.81741,14.01922735
"1194","#003","m6","No UV",16693.75476,14.02702086
"1195","#970","m6","No UV",16707.59127,14.02821614
"1196","#970","m6","No UV",16749.10082,14.03179603
"1197","#022","m6","No UV",16873.62945,14.0424827
"1198","#003","m6","No UV",16887.46596,14.04366524
"1199","#970","m6","No UV",16887.46596,14.04366524
"1200","#003","m6","No UV",16908.22073,14.04543723
"1201","#003","m6","No UV",16998.15808,14.0530908
"1202","#006","m6","No UV",16998.15808,14.0530908
"1203","#970","m6","No UV",17005.07634,14.05367786
"1204","#006","m6","No UV",17053.50414,14.05778059
"1205","#006","m6","No UV",17136.52322,14.06478681
"1206","#970","m6","No UV",17288.72488,14.07754385
"1207","#022","m6","No UV",17378.66223,14.08502941
"1208","#970","m6","No UV",17475.51783,14.09304759
"1209","#003","m6","No UV",17551.61866,14.09931647
"1210","#022","m6","No UV",17683.06555,14.11008078
"1211","#003","m6","No UV",17710.73858,14.11233676
"1212","#003","m6","No UV",17717.65683,14.1129002
"1213","#970","m6","No UV",17918.28629,14.12914504
"1214","#003","m6","No UV",17932.12281,14.13025866
"1215","#006","m6","No UV",18028.97841,14.13803003
"1216","#970","m6","No UV",18035.89667,14.13858353
"1217","#970","m6","No UV",18056.65144,14.14024275
"1218","#006","m6","No UV",18098.16098,14.14355549
"1219","#003","m6","No UV",18201.93484,14.15180419
"1220","#970","m6","No UV",18208.8531,14.15235244
"1221","#022","m6","No UV",18278.03567,14.15782341
"1222","#003","m6","No UV",18381.80953,14.16599117
"1223","#970","m6","No UV",18783.06845,14.19714514
"1224","#970","m6","No UV",19052.88048,14.21772151
"1225","#003","m6","No UV",19087.47177,14.2203384
"1226","#003","m6","No UV",19149.73608,14.22503689
"1227","#022","m6","No UV",19177.40911,14.2271202
"1228","#970","m6","No UV",19537.15849,14.25393303
"1229","#006","m6","No UV",19544.07675,14.25444381
"1230","#006","m6","No UV",19786.21575,14.27220809
"1231","#003","m6","No UV",19979.92696,14.28626369
"1232","#970","m6","No UV",20014.51824,14.28875927
"1233","#022","m6","No UV",20256.65725,14.3061085
"1234","#970","m6","No UV",20291.24853,14.30857002
"1235","#022","m6","No UV",20775.52654,14.34259742
"1236","#970","m6","No UV",20858.54563,14.34835095
"1237","#022","m6","No UV",20934.64646,14.35360493
"1238","#006","m6","No UV",20969.23774,14.3559868
"1239","#006","m6","No UV",21252.88629,14.37537116
"1240","#022","m6","No UV",21363.57841,14.3828657
"1241","#970","m6","No UV",21398.16969,14.38519978
"1242","#970","m6","No UV",21695.65476,14.40511851
"1243","#006","m6","No UV",21979.3033,14.42385804
"1244","#006","m6","No UV",22034.64936,14.42748632
"1245","#970","m6","No UV",22103.83193,14.43200888
"1246","#970","m6","No UV",22103.83193,14.43200888
"1247","#970","m6","No UV",22249.11534,14.44146035
"1248","#003","m6","No UV",22352.88919,14.4481737
"1249","#003","m6","No UV",22442.82654,14.45396677
"1250","#006","m6","No UV",22442.82654,14.45396677
"1251","#006","m6","No UV",22691.8838,14.46988876
"1252","#003","m6","No UV",22719.55683,14.47164707
"1253","#003","m6","No UV",22788.7394,14.4760335
"1254","#003","m6","No UV",23196.91658,14.50164543
"1255","#003","m6","No UV",23383.70953,14.51321619
"1256","#022","m6","No UV",23459.81036,14.51790373
"1257","#970","m6","No UV",23618.93027,14.527656
"1258","#003","m6","No UV",23639.68504,14.52892319
"1259","#003","m6","No UV",24006.35268,14.55112861
"1260","#970","m6","No UV",24310.756,14.56930714
"1261","#003","m6","No UV",24359.1838,14.57217817
"1262","#022","m6","No UV",24580.56803,14.58523063
"1263","#006","m6","No UV",24615.15932,14.58725946
"1264","#003","m6","No UV",24795.03401,14.59776358
"1265","#006","m6","No UV",24829.62529,14.59977487
"1266","#003","m6","No UV",25258.55724,14.62448461
"1267","#970","m6","No UV",25383.08587,14.63157985
"1268","#003","m6","No UV",25452.26845,14.63550662
"1269","#970","m6","No UV",25943.46471,14.66308354
"1270","#003","m6","No UV",26012.64728,14.66692561
"1271","#006","m6","No UV",26247.86803,14.67991262
"1272","#006","m6","No UV",26282.45932,14.68181266
"1273","#006","m6","No UV",26400.06969,14.68825412
"1274","#003","m6","No UV",26441.57923,14.69052072
"1275","#003","m6","No UV",26822.08338,14.71113368
"1276","#970","m6","No UV",27057.30413,14.72373048
"1277","#003","m6","No UV",27105.73193,14.72631034
"1278","#970","m6","No UV",27216.42405,14.7321899
"1279","#022","m6","No UV",27320.1979,14.73768031
"1280","#970","m6","No UV",27354.78919,14.73950582
"1281","#006","m6","No UV",27403.21699,14.74205765
"1282","#003","m6","No UV",27797.55765,14.76267051
"1283","#022","m6","No UV",27977.43234,14.77197594
"1284","#022","m6","No UV",28157.30703,14.78122174
"1285","#006","m6","No UV",28261.08089,14.78652902
"1286","#003","m6","No UV",28413.28255,14.79427789
"1287","#003","m6","No UV",28606.99375,14.80408028
"1288","#003","m6","No UV",28696.9311,14.80860884
"1289","#003","m6","No UV",28807.62321,14.81416301
"1290","#970","m6","No UV",28807.62321,14.81416301
"1291","#003","m6","No UV",28932.15184,14.82038601
"1292","#003","m6","No UV",28932.15184,14.82038601
"1293","#022","m6","No UV",29513.28545,14.84907691
"1294","#003","m6","No UV",29803.85226,14.8632112
"1295","#022","m6","No UV",29907.62612,14.86822578
"1296","#022","m6","No UV",29997.56346,14.8725577
"1297","#006","m6","No UV",30122.09209,14.87853435
"1298","#003","m6","No UV",30454.16844,14.89435209
"1299","#970","m6","No UV",30509.5145,14.8969716
"1300","#006","m6","No UV",30779.32653,14.90967404
"1301","#006","m6","No UV",30896.93691,14.9151762
"1302","#003","m6","No UV",31229.01325,14.93059936
"1303","#006","m6","No UV",31312.03234,14.93442953
"1304","#003","m6","No UV",31422.72446,14.93952065
"1305","#003","m6","No UV",31429.64271,14.93983825
"1306","#003","m6","No UV",31588.76263,14.94712381
"1307","#006","m6","No UV",31588.76263,14.94712381
"1308","#003","m6","No UV",31720.20952,14.95311468
"1309","#003","m6","No UV",31782.47383,14.9559438
"1310","#006","m6","No UV",31872.41118,14.96002054
"1311","#970","m6","No UV",31900.08421,14.96127261
"1312","#006","m6","No UV",31996.93981,14.96564631
"1313","#003","m6","No UV",32135.30495,14.97187154
"1314","#006","m6","No UV",32370.5257,14.98239317
"1315","#003","m6","No UV",32605.74645,14.99283863
"1316","#006","m6","No UV",32668.01076,14.99559099
"1317","#970","m6","No UV",32944.74105,15.00776057
"1318","#003","m6","No UV",33041.59665,15.01199578
"1319","#970","m6","No UV",33269.89914,15.02192987
"1320","#006","m6","No UV",33705.74935,15.04070708
"1321","#022","m6","No UV",33823.35972,15.04573235
"1322","#970","m6","No UV",34134.6813,15.05895066
"1323","#003","m6","No UV",34141.59956,15.05924303
"1324","#970","m6","No UV",34404.49333,15.07030938
"1325","#003","m6","No UV",34459.83939,15.07262836
"1326","#970","m6","No UV",34563.61325,15.07696642
"1327","#006","m6","No UV",34577.44977,15.07754385
"1328","#022","m6","No UV",34861.09831,15.0893304
"1329","#970","m6","No UV",34881.85308,15.09018906
"1330","#022","m6","No UV",35082.48255,15.09846322
"1331","#006","m6","No UV",35213.92943,15.1038586
"1332","#022","m6","No UV",35213.92943,15.1038586
"1333","#003","m6","No UV",35317.70329,15.10810391
"1334","#006","m6","No UV",35400.72238,15.11149118
"1335","#006","m6","No UV",35490.65972,15.11515177
"1336","#003","m6","No UV",35642.86138,15.12132554
"1337","#006","m6","No UV",35912.67342,15.13220543
"1338","#970","m6","No UV",35968.01947,15.1344271
"1339","#006","m6","No UV",36542.23483,15.15727725
"1340","#022","m6","No UV",37206.38752,15.1832627
"1341","#022","m6","No UV",37649.15599,15.2003299
"1342","#022","m6","No UV",37704.50205,15.20244918
"1343","#022","m6","No UV",38022.74188,15.21457495
"1344","#003","m6","No UV",38112.67922,15.21798341
"1345","#003","m6","No UV",38223.37134,15.22216741
"1346","#003","m6","No UV",38271.79914,15.2239941
"1347","#006","m6","No UV",38929.03358,15.24855891
"1348","#006","m6","No UV",40029.03648,15.28875927
"1349","#003","m6","No UV",40112.05557,15.29174828
"1350","#022","m6","No UV",40762.37175,15.31495038
"1351","#970","m6","No UV",40817.71781,15.3169079
"1352","#006","m6","No UV",40949.1647,15.3215464
"1353","#003","m6","No UV",41059.85681,15.32544098
"1354","#970","m6","No UV",41198.22196,15.33029445
"1355","#003","m6","No UV",41288.1593,15.33344048
"1356","#970","m6","No UV",41599.48088,15.3442779
"1357","#003","m6","No UV",41640.99042,15.34571676
"1358","#970","m6","No UV",41640.99042,15.34571676
"1359","#006","m6","No UV",41772.43731,15.3502637
"1360","#022","m6","No UV",42229.04229,15.36594791
"1361","#003","m6","No UV",42284.38835,15.36783749
"1362","#970","m6","No UV",42388.16221,15.3713738
"1363","#003","m6","No UV",42969.29582,15.39101851
"1364","#003","m6","No UV",43578.10246,15.41131576
"1365","#003","m6","No UV",43605.77548,15.41223161
"1366","#022","m6","No UV",43944.77009,15.42340386
"1367","#006","m6","No UV",44311.43772,15.43539152
"1368","#003","m6","No UV",45335.3398,15.46834848
"1369","#970","m6","No UV",45342.25806,15.46856862
"1370","#003","m6","No UV",45736.59872,15.48106146
"1371","#970","m6","No UV",46061.75681,15.49128182
"1372","#970","m6","No UV",46068.67507,15.49149849
"1373","#970","m6","No UV",46635.97216,15.50915557
"1374","#003","m6","No UV",46947.29374,15.51875438
"1375","#003","m6","No UV",47493.83606,15.53545267
"1376","#022","m6","No UV",47625.28295,15.53944004
"1377","#022","m6","No UV",48164.90702,15.55569476
"1378","#022","m6","No UV",48552.32942,15.56725289
"1379","#006","m6","No UV",48697.61283,15.57156343
"1380","#006","m6","No UV",48732.20411,15.57258786
"1381","#022","m6","No UV",48884.40577,15.5770867
"1382","#006","m6","No UV",49188.80909,15.58604251
"1383","#003","m6","No UV",49500.13067,15.59514471
"1384","#022","m6","No UV",49956.73565,15.60839159
"1385","#022","m6","No UV",49991.32693,15.6093902
"1386","#022","m6","No UV",50551.70577,15.62547215
"1387","#970","m6","No UV",50786.92652,15.63216955
"1388","#003","m6","No UV",50987.55598,15.63785757
"1389","#006","m6","No UV",51229.69498,15.64469268
"1390","#003","m6","No UV",52170.57797,15.6709488
"1391","#006","m6","No UV",52620.26469,15.68333089
"1392","#022","m6","No UV",52717.12029,15.68598394
"1393","#006","m6","No UV",52980.01407,15.69316061
"1394","#003","m6","No UV",53028.44187,15.69447874
"1395","#970","m6","No UV",53132.21573,15.69729926
"1396","#970","m6","No UV",53208.31656,15.69936414
"1397","#022","m6","No UV",53450.45556,15.70591462
"1398","#006","m6","No UV",53498.88336,15.70722116
"1399","#006","m6","No UV",55318.38502,15.75547142
"1400","#006","m6","No UV",55726.5622,15.76607754
"1401","#022","m6","No UV",55781.90826,15.76750967
"1402","#006","m6","No UV",56217.75846,15.77873831
"1403","#022","m6","No UV",56791.97381,15.79339943
"1404","#006","m6","No UV",57808.95763,15.81900544
"1405","#022","m6","No UV",58127.19746,15.82692573
"1406","#003","m6","No UV",58715.24933,15.84144762
"1407","#003","m6","No UV",58715.24933,15.84144762
"1408","#006","m6","No UV",58832.8597,15.84433454
"1409","#006","m6","No UV",58902.04228,15.84603004
"1410","#006","m6","No UV",59151.09954,15.85211737
"1411","#003","m6","No UV",59164.93605,15.8524548
"1412","#970","m6","No UV",59351.729,15.85700244
"1413","#970","m6","No UV",60901.41862,15.89418821
"1414","#003","m6","No UV",61295.75929,15.90349964
"1415","#003","m6","No UV",61351.10535,15.90480172
"1416","#006","m6","No UV",62603.30991,15.93395132
"1417","#970","m6","No UV",62824.69414,15.93904412
"1418","#970","m6","No UV",63059.91489,15.9444356
"1419","#970","m6","No UV",64063.06219,15.96720514
"1420","#003","m6","No UV",64319.03771,15.9729582
"1421","#970","m6","No UV",65764.95348,16.00503135
"1422","#003","m6","No UV",65875.64559,16.00745757
"1423","#006","m6","No UV",66283.82277,16.01636919
"1424","#003","m6","No UV",66899.54767,16.02970884
"1425","#003","m6","No UV",67148.60493,16.03506981
"1426","#022","m6","No UV",68130.99746,16.05602371
"1427","#970","m6","No UV",68338.54517,16.06041191
"1428","#970","m6","No UV",69763.70617,16.09018906
"1429","#003","m6","No UV",70213.39289,16.09945862
"1430","#022","m6","No UV",70268.73895,16.10059539
"1431","#970","m6","No UV",70780.68999,16.11106821
"1432","#003","m6","No UV",71548.61654,16.12663625
"1433","#022","m6","No UV",71846.1016,16.13262226
"1434","#970","m6","No UV",72025.97629,16.13622969
"1435","#970","m6","No UV",72115.91364,16.13803003
"1436","#003","m6","No UV",72786.98459,16.15139288
"1437","#006","m6","No UV",73125.9792,16.15809642
"1438","#003","m6","No UV",73769.37712,16.17073443
"1439","#006","m6","No UV",74018.43438,16.175597
"1440","#006","m6","No UV",74495.79413,16.18487136
"1441","#006","m6","No UV",75332.90326,16.20099251
"1442","#006","m6","No UV",76239.19496,16.21824526
"1443","#003","m6","No UV",76425.98791,16.22177568
"1444","#003","m6","No UV",76488.25222,16.22295056
"1445","#006","m6","No UV",76778.81903,16.22842075
"1446","#003","m6","No UV",76903.34766,16.23075878
"1447","#022","m6","No UV",76903.34766,16.23075878
"1448","#022","m6","No UV",79214.04558,16.27346864
"1449","#022","m6","No UV",79380.08376,16.27648946
"1450","#006","m6","No UV",79940.46259,16.2866383
"1451","#006","m6","No UV",80625.37006,16.29894626
"1452","#006","m6","No UV",80701.47089,16.30030735
"1453","#006","m6","No UV",80729.14392,16.30080197
"1454","#022","m6","No UV",80832.91778,16.3026553
"1455","#970","m6","No UV",81559.33479,16.31556239
"1456","#006","m6","No UV",81926.00243,16.3220338
"1457","#970","m6","No UV",82527.89081,16.33259415
"1458","#006","m6","No UV",83012.16881,16.34103522
"1459","#022","m6","No UV",83185.12525,16.34403796
"1460","#003","m6","No UV",85170.66508,16.378069
"1461","#006","m6","No UV",85509.65968,16.38379978
"1462","#970","m6","No UV",85834.81777,16.38927536
"1463","#970","m6","No UV",87626.6464,16.41908203
"1464","#022","m6","No UV",88602.12068,16.43505361
"1465","#003","m6","No UV",89861.2435,16.45541141
"1466","#022","m6","No UV",90165.64682,16.46029025
"1467","#003","m6","No UV",91300.24101,16.47833105
"1468","#003","m6","No UV",91487.03395,16.48127967
"1469","#006","m6","No UV",91549.29827,16.48226121
"1470","#022","m6","No UV",91812.19204,16.48639813
"1471","#022","m6","No UV",91929.80242,16.48824502
"1472","#003","m6","No UV",93659.36673,16.51513566
"1473","#970","m6","No UV",94579.49495,16.52923982
"1474","#022","m6","No UV",94627.92275,16.52997834
"1475","#003","m6","No UV",95914.7186,16.5494646
"1476","#003","m6","No UV",97464.40822,16.57258786
"1477","#006","m6","No UV",97934.84972,16.57953471
"1478","#022","m6","No UV",98765.04059,16.59171285
"1479","#022","m6","No UV",98993.34308,16.59504389
"1480","#970","m6","No UV",99505.29411,16.60248566
"1481","#003","m6","No UV",100861.2725,16.62201281
"1482","#022","m6","No UV",100916.6186,16.62280425
"1483","#970","m6","No UV",100951.2099,16.62329868
"1484","#003","m6","No UV",101421.6514,16.63000614
"1485","#003","m6","No UV",101594.6078,16.63246431
"1486","#006","m6","No UV",102189.5779,16.64088854
"1487","#003","m6","No UV",102999.014,16.652271
"1488","#970","m6","No UV",104112.8534,16.66778866
"1489","#003","m6","No UV",104714.7418,16.67610503
"1490","#006","m6","No UV",106036.129,16.69419638
"1491","#970","m6","No UV",108236.1348,16.7238227
"1492","#006","m6","No UV",109716.6418,16.74342284
"1493","#970","m6","No UV",110678.2796,16.7560126
"1494","#003","m6","No UV",110816.6447,16.75781507
"1495","#970","m6","No UV",111017.2742,16.76042465
"1496","#006","m6","No UV",111197.1489,16.76276027
"1497","#006","m6","No UV",111404.6966,16.76545053
"1498","#006","m6","No UV",111667.5904,16.768851
"1499","#022","m6","No UV",113078.9148,16.78697042
"1500","#022","m6","No UV",113314.1356,16.78996832
"1501","#022","m6","No UV",113521.6833,16.79260836
"1502","#970","m6","No UV",113618.5389,16.79383873
"1503","#022","m6","No UV",114165.0812,16.80076193
"1504","#970","m6","No UV",115099.046,16.81251635
"1505","#003","m6","No UV",117949.368,16.84780816
"1506","#006","m6","No UV",118516.6651,16.85473041
"1507","#970","m6","No UV",120011.0086,16.87280722
"1508","#022","m6","No UV",120156.292,16.87455267
"1509","#006","m6","No UV",120183.9651,16.8748849
"1510","#006","m6","No UV",120702.8343,16.88110003
"1511","#970","m6","No UV",121837.4285,16.89459787
"1512","#006","m6","No UV",122349.3796,16.90064726
"1513","#022","m6","No UV",127330.5248,16.95821879
"1514","#006","m6","No UV",127593.4186,16.96119439
"1515","#970","m6","No UV",128845.6231,16.975284
"1516","#003","m6","No UV",129585.8767,16.98354896
"1517","#006","m6","No UV",129869.5252,16.98670341
"1518","#970","m6","No UV",130194.6833,16.99031101
"1519","#006","m6","No UV",130602.8605,16.99482697
"1520","#003","m6","No UV",132706.0107,17.01787419
"1521","#970","m6","No UV",134781.4879,17.04026283
"1522","#022","m6","No UV",136905.3928,17.06281975
"1523","#006","m6","No UV",137092.1858,17.06478681
"1524","#006","m6","No UV",137507.2812,17.06914849
"1525","#970","m6","No UV",141090.9385,17.10626581
"1526","#006","m6","No UV",141706.6634,17.11254807
"1527","#006","m6","No UV",142557.609,17.12118552
"1528","#003","m6","No UV",142730.5654,17.12293479
"1529","#022","m6","No UV",142834.3393,17.12398334
"1530","#970","m6","No UV",143021.1323,17.1258688
"1531","#970","m6","No UV",143463.9007,17.13032824
"1532","#003","m6","No UV",145311.0754,17.14878514
"1533","#970","m6","No UV",146687.8086,17.16238945
"1534","#006","m6","No UV",150568.9509,17.20006477
"1535","#003","m6","No UV",151959.5206,17.21332754
"1536","#970","m6","No UV",153668.3302,17.22946034
"1537","#006","m6","No UV",155702.2978,17.24843071
"1538","#022","m6","No UV",157611.7368,17.26601545
"1539","#022","m6","No UV",158995.3883,17.27862539
"1540","#003","m6","No UV",160870.236,17.2955379
"1541","#006","m6","No UV",160967.0916,17.29640625
"1542","#003","m6","No UV",161741.9364,17.30333426
"1543","#022","m6","No UV",163568.3563,17.31953415
"1544","#970","m6","No UV",163928.1057,17.3227037
"1545","#022","m6","No UV",164204.836,17.32513709
"1546","#022","m6","No UV",167290.3787,17.35199495
"1547","#022","m6","No UV",168743.2127,17.36446995
"1548","#970","m6","No UV",169566.4853,17.37149153
"1549","#970","m6","No UV",170728.7526,17.38134652
"1550","#006","m6","No UV",172181.5866,17.39357134
"1551","#970","m6","No UV",175972.7916,17.42499285
"1552","#003","m6","No UV",176567.7617,17.42986243
"1553","#003","m6","No UV",177764.6202,17.43960869
"1554","#006","m6","No UV",178006.7592,17.4415725
"1555","#022","m6","No UV",178781.604,17.44783877
"1556","#006","m6","No UV",180794.8169,17.46399379
"1557","#003","m6","No UV",180815.5716,17.4641594
"1558","#003","m6","No UV",184108.6621,17.49019798
"1559","#006","m6","No UV",186758.3546,17.51081326
"1560","#022","m6","No UV",189878.4886,17.53471695
"1561","#970","m6","No UV",190584.1509,17.54006862
"1562","#003","m6","No UV",191227.5488,17.54493085
"1563","#022","m6","No UV",192721.8924,17.55616094
"1564","#022","m6","No UV",196201.7758,17.58197857
"1565","#970","m6","No UV",198069.7052,17.59564871
"1566","#006","m6","No UV",198464.0459,17.59851814
"1567","#006","m6","No UV",198796.1222,17.60093009
"1568","#022","m6","No UV",200069.0816,17.61013871
"1569","#022","m6","No UV",202269.0874,17.62591633
"1570","#022","m6","No UV",203638.9023,17.63565367
"1571","#006","m6","No UV",204434.5019,17.64127917
"1572","#003","m6","No UV",206959.6658,17.6589901
"1573","#003","m6","No UV",209526.3393,17.67677209
"1574","#006","m6","No UV",212819.4297,17.69927034
"1575","#006","m6","No UV",214092.389,17.70787398
"1576","#970","m6","No UV",215137.0459,17.71489645
"1577","#003","m6","No UV",215427.6127,17.71684366
"1578","#003","m6","No UV",215939.5637,17.72026807
"1579","#022","m6","No UV",216742.0816,17.72561976
"1580","#970","m6","No UV",218056.5505,17.7343428
"1581","#006","m6","No UV",218859.0683,17.73964264
"1582","#006","m6","No UV",228074.187,17.79914365
"1583","#022","m6","No UV",228945.8874,17.80464712
"1584","#003","m6","No UV",230571.6778,17.81485579
"1585","#970","m6","No UV",231367.2774,17.81982531
"1586","#003","m6","No UV",231934.5745,17.82335837
"1587","#003","m6","No UV",234771.06,17.84089505
"1588","#003","m6","No UV",239440.8836,17.86930998
"1589","#006","m6","No UV",242035.2301,17.88485753
"1590","#022","m6","No UV",243079.8869,17.891071
"1591","#003","m6","No UV",243674.8571,17.89459787
"1592","#003","m6","No UV",245176.1189,17.90345894
"1593","#022","m6","No UV",248012.6044,17.92005392
"1594","#003","m6","No UV",250122.6728,17.93227631
"1595","#006","m6","No UV",250454.7492,17.93419044
"1596","#003","m6","No UV",251630.8529,17.9409493
"1597","#003","m6","No UV",256432.1234,17.96821748
"1598","#022","m6","No UV",256757.2815,17.97004567
"1599","#003","m6","No UV",256798.7911,17.97027889
"1600","#970","m6","No UV",257047.8483,17.97167741
"1601","#003","m6","No UV",258901.9413,17.98204626
"1602","#970","m6","No UV",259012.6334,17.98266294
"1603","#970","m6","No UV",263834.6587,18.00927457
"1604","#003","m6","No UV",265688.7517,18.01937762
"1605","#003","m6","No UV",266643.4712,18.02455248
"1606","#003","m6","No UV",268096.3052,18.03239181
"1607","#970","m6","No UV",269562.9757,18.04026283
"1608","#003","m6","No UV",271527.7608,18.05074018
"1609","#970","m6","No UV",273022.1043,18.05865823
"1610","#006","m6","No UV",273368.0172,18.06048494
"1611","#022","m6","No UV",275298.211,18.07063571
"1612","#022","m6","No UV",276937.838,18.07920266
"1613","#022","m6","No UV",278356.0807,18.08657207
"1614","#022","m6","No UV",283524.0189,18.11311143
"1615","#970","m6","No UV",283530.9371,18.11314664
"1616","#006","m6","No UV",287377.4882,18.13258753
"1617","#006","m6","No UV",287744.1558,18.1344271
"1618","#022","m6","No UV",294129.7072,18.16609298
"1619","#022","m6","No UV",295139.7728,18.17103882
"1620","#003","m6","No UV",296260.5305,18.17650691
"1621","#022","m6","No UV",298695.757,18.18831722
"1622","#006","m6","No UV",300999.5367,18.19940174
"1623","#022","m6","No UV",303600.8014,18.21181607
"1624","#006","m6","No UV",304181.935,18.21457495
"1625","#970","m6","No UV",313203.3425,18.25674008
"1626","#022","m6","No UV",319284.4906,18.28448295
"1627","#970","m6","No UV",321297.7035,18.29355114
"1628","#003","m6","No UV",321830.4093,18.29594113
"1629","#006","m6","No UV",322155.5674,18.297398
"1630","#022","m6","No UV",327441.1159,18.32087596
"1631","#970","m6","No UV",327537.9715,18.32130264
"1632","#003","m6","No UV",329267.5358,18.32890075
"1633","#022","m6","No UV",330243.0101,18.3331685
"1634","#022","m6","No UV",331792.6997,18.33992262
"1635","#022","m6","No UV",342059.3935,18.38388732
"1636","#006","m6","No UV",348355.0076,18.41019878
"1637","#970","m6","No UV",352118.5396,18.42570166
"1638","#006","m6","No UV",353972.6325,18.4332783
"1639","#003","m6","No UV",354878.9242,18.43696737
"1640","#006","m6","No UV",356615.4068,18.44400951
"1641","#003","m6","No UV",357404.0881,18.44719661
"1642","#003","m6","No UV",357756.9192,18.44862014
"1643","#006","m6","No UV",363471.3997,18.47148232
"1644","#003","m6","No UV",366799.0815,18.4846305
"1645","#003","m6","No UV",367124.2395,18.48590885
"1646","#006","m6","No UV",367144.9943,18.4859904
"1647","#006","m6","No UV",376207.9113,18.52117066
"1648","#970","m6","No UV",380095.9719,18.53600421
"1649","#006","m6","No UV",380912.3263,18.53909945
"1650","#003","m6","No UV",384675.8582,18.55328377
"1651","#006","m6","No UV",389781.5321,18.57230621
"1652","#003","m6","No UV",390044.4258,18.57327893
"1653","#970","m6","No UV",390452.603,18.5747879
"1654","#022","m6","No UV",390701.6603,18.57570786
"1655","#970","m6","No UV",396416.1408,18.59665618
"1656","#003","m6","No UV",398097.2773,18.60276148
"1657","#006","m6","No UV",401777.7901,18.61603829
"1658","#003","m6","No UV",402248.2316,18.61772655
"1659","#006","m6","No UV",403327.4798,18.62159218
"1660","#022","m6","No UV",404655.7852,18.6263357
"1661","#022","m6","No UV",406260.8208,18.63204671
"1662","#006","m6","No UV",410432.53,18.64678555
"1663","#006","m6","No UV",416036.3183,18.66634995
"1664","#006","m6","No UV",418180.9781,18.67376791
"1665","#006","m6","No UV",434431.9644,18.72877073
"1666","#022","m6","No UV",441786.0719,18.75298841
"1667","#022","m6","No UV",442215.0038,18.75438845
"1668","#970","m6","No UV",442678.527,18.75589987
"1669","#006","m6","No UV",446580.4241,18.76856049
"1670","#003","m6","No UV",447424.4515,18.77128458
"1671","#022","m6","No UV",457739.5731,18.8041675
"1672","#003","m6","No UV",458576.6822,18.80680347
"1673","#022","m6","No UV",465508.776,18.82844884
"1674","#970","m6","No UV",466345.8851,18.83104086
"1675","#006","m6","No UV",474025.1507,18.85460408
"1676","#006","m6","No UV",475872.3254,18.86021503
"1677","#003","m6","No UV",480632.0863,18.87457344
"1678","#003","m6","No UV",484291.8444,18.88551718
"1679","#006","m6","No UV",489667.3303,18.90144242
"1680","#006","m6","No UV",490213.8726,18.90305179
"1681","#022","m6","No UV",504935.9241,18.9457408
"1682","#006","m6","No UV",505060.4527,18.94609655
"1683","#022","m6","No UV",511701.9797,18.96494429
"1684","#003","m6","No UV",527254.222,19.00813922
"1685","#003","m6","No UV",544183.1975,19.05373289
"1686","#970","m6","No UV",560876.9523,19.09732477
"1687","#003","m6","No UV",564266.8983,19.10601819
"1688","#022","m6","No UV",564605.8929,19.10688466
"1689","#022","m6","No UV",566792.0622,19.11246003
"1690","#970","m6","No UV",576304.6659,19.13647217
"1691","#006","m6","No UV",583485.817,19.15433806
"1692","#003","m6","No UV",585602.8037,19.15956294
"1693","#003","m6","No UV",585713.4958,19.15983561
"1694","#003","m6","No UV",592804.7095,19.17719738
"1695","#022","m6","No UV",596519.8136,19.18621053
"1696","#022","m6","No UV",598629.8821,19.19130477
"1697","#970","m6","No UV",603915.4306,19.20398701
"1698","#970","m6","No UV",604579.5833,19.20557273
"1699","#006","m6","No UV",613006.0207,19.22554172
"1700","#022","m6","No UV",617067.0377,19.23506771
"1701","#006","m6","No UV",632591.607,19.27091489
"1702","#006","m6","No UV",656674.0605,19.32481794
"1703","#003","m6","No UV",660873.4426,19.3340145
"1704","#003","m6","No UV",661198.6007,19.33472415
"1705","#003","m6","No UV",663467.7891,19.3396669
"1706","#006","m6","No UV",668151.4493,19.34981563
"1707","#003","m6","No UV",668614.9725,19.35081614
"1708","#006","m6","No UV",686242.692,19.38835935
"1709","#003","m6","No UV",702216.948,19.42155729
"1710","#970","m6","No UV",709501.8729,19.43644697
"1711","#003","m6","No UV",731840.9256,19.48117057
"1712","#970","m6","No UV",739907.6135,19.49698562
"1713","#003","m6","No UV",758054.2023,19.53194148
"1714","#022","m6","No UV",763623.3994,19.54250179
"1715","#970","m6","No UV",777356.14,19.56821618
"1716","#003","m6","No UV",797087.0097,19.60437769
"1717","#003","m6","No UV",798961.8575,19.6077671
"1718","#022","m6","No UV",802766.899,19.6146216
"1719","#006","m6","No UV",816036.1164,19.63827348
"1720","#022","m6","No UV",832667.6068,19.66738117
"1721","#022","m6","No UV",860769.5678,19.71526755
"1722","#022","m6","No UV",862741.2711,19.71856845
"1723","#022","m6","No UV",867784.6806,19.72697759
"1724","#003","m6","No UV",894108.6495,19.77009063
"1725","#003","m6","No UV",900985.3972,19.7811442
"1726","#006","m6","No UV",901269.0458,19.78159832
"1727","#022","m6","No UV",920688.5939,19.81235375
"1728","#022","m6","No UV",927081.0636,19.82233597
"1729","#006","m6","No UV",978220.8212,19.89980065
"1730","#006","m6","No UV",978310.7586,19.89993328
"1731","#970","m6","No UV",979742.8378,19.9020436
"1732","#022","m6","No UV",1003085.038,19.93601249
"1733","#003","m6","No UV",1032466.876,19.97766407
"1734","#022","m6","No UV",1062505.949,20.01903949
"1735","#003","m6","No UV",1068351.877,20.02695547
"1736","#022","m6","No UV",1069168.231,20.02805744
"1737","#003","m6","No UV",1077117.309,20.03874395
"1738","#003","m6","No UV",1118142.574,20.09267273
"1739","#003","m6","No UV",1149378.506,20.13242254
"1740","#003","m6","No UV",1150879.768,20.13430569
"1741","#003","m6","No UV",1153778.517,20.13793488
"1742","#006","m6","No UV",1161838.287,20.14797785
"1743","#006","m6","No UV",1231449.792,20.23192638
"1744","#022","m6","No UV",1237254.209,20.23871052
"1745","#970","m6","No UV",1249381.914,20.25278312
"1746","#006","m6","No UV",1251803.304,20.25557646
"1747","#970","m6","No UV",1263917.173,20.26947049
"1748","#006","m6","No UV",1293257.502,20.30257813
"1749","#970","m6","No UV",1339298.504,20.35304611
"1750","#022","m6","No UV",1349018.655,20.36347887
"1751","#006","m6","No UV",1406938.305,20.42412764
"1752","#022","m6","No UV",1424801.245,20.44232925
"1753","#022","m6","No UV",1448025.835,20.46565591
"1754","#022","m6","No UV",1458410.139,20.47596507
"1755","#022","m6","No UV",1571177.732,20.58341496
"1756","#003","m6","No UV",1631463.426,20.63773521
"1757","#022","m6","No UV",1637281.68,20.64287112
"1758","#022","m6","No UV",1642152.134,20.64715636
"1759","#003","m6","No UV",1652149.015,20.65591239
"1760","#006","m6","No UV",1745441.714,20.73516075
"1761","#022","m6","No UV",1762502.137,20.74919358
"1762","#022","m6","No UV",1788411.01,20.7702469
"1763","#003","m6","No UV",1905627.043,20.86183436
"1764","#022","m6","No UV",1953902.642,20.89792715
"1765","#006","m6","No UV",2051062.647,20.96794013
"1766","#970","m6","No UV",2097560.254,21.00028082
"1767","#003","m6","No UV",2113098.66,21.0109287
"1768","#970","m6","No UV",2176933.419,21.05386585
"1769","#006","m6","No UV",2221639.198,21.08319311
"1770","#022","m6","No UV",2267604.099,21.11273735
"1771","#022","m6","No UV",2276078.964,21.11811918
"1772","#970","m6","No UV",2299441.919,21.13285233
"1773","#022","m6","No UV",2324389.155,21.1484202
"1774","#006","m6","No UV",2387144.666,21.18685457
"1775","#022","m6","No UV",2410362.338,21.20081861
"1776","#022","m6","No UV",2505190.89,21.25648911
"1777","#003","m6","No UV",2505661.331,21.25676
"1778","#006","m6","No UV",2519954.451,21.26496623
"1779","#022","m6","No UV",2569447.663,21.29302684
"1780","#970","m6","No UV",2579672.847,21.29875668
"1781","#970","m6","No UV",2647208.875,21.3360406
"1782","#970","m6","No UV",2687196.402,21.35767034
"1783","#022","m6","No UV",2798760.218,21.41635646
"1784","#006","m6","No UV",2869969.84,21.45260415
"1785","#003","m6","No UV",2899247.905,21.46724727
"1786","#003","m6","No UV",3116667.976,21.57157304
"1787","#003","m6","No UV",3311797.421,21.659183
"1788","#022","m6","No UV",3331140.869,21.66758493
"1789","#022","m6","No UV",3386708.311,21.69145231
"1790","#022","m6","No UV",3517968.406,21.7463111
"1791","#970","m6","No UV",3791384.851,21.85429348
"1792","#006","m6","No UV",3838754.158,21.87220674
"1793","#970","m6","No UV",3914121.653,21.90025717
"1794","#003","m6","No UV",4001665.28,21.93216907
"1795","#022","m6","No UV",4066136.52,21.95522722
"1796","#970","m6","No UV",4274549.019,22.02734079
"1797","#022","m6","No UV",4790540.319,22.19175695
"1798","#022","m6","No UV",5132156.944,22.29113386
"1799","#022","m6","No UV",5139711.681,22.293256
"1800","#006","m6","No UV",5163531.24,22.2999266
"1801","#022","m6","No UV",5175119.321,22.3031607
"1802","#022","m6","No UV",5343606.558,22.34938236
"1803","#022","m6","No UV",5519994.445,22.39623538
"1804","#970","m6","No UV",5593743.068,22.41538256
"1805","#006","m6","No UV",6574703.519,22.64849441
"1806","#022","m6","No UV",6871987.951,22.71229608
"1807","#022","m6","No UV",8871910.841,23.08081344
